<annotation>
	<folder></folder>
	<filename>0003_jpg.rf.805e77ff4a97b78386963b86ac688fa1.jpg</filename>
	<path>0003_jpg.rf.805e77ff4a97b78386963b86ac688fa1.jpg</path>
	<source>
		<database>roboflow.ai</database>
	</source>
	<size>
		<width>416</width>
		<height>416</height>
		<depth>3</depth>
	</size>
	<segmented>0</segmented>
	<object>
		<name>masked</name>
		<pose>Unspecified</pose>
		<truncated>0</truncated>
		<difficult>0</difficult>
		<occluded>0</occluded>
		<bndbox>
			<xmin>114</xmin>
			<xmax>342</xmax>
			<ymin>7</ymin>
			<ymax>363</ymax>
		</bndbox>
	</object>
</annotation>
