<annotation>
	<folder></folder>
	<filename>0006_jpg.rf.0be03f1f7da4d03f57a6685e8c26f113.jpg</filename>
	<path>0006_jpg.rf.0be03f1f7da4d03f57a6685e8c26f113.jpg</path>
	<source>
		<database>roboflow.ai</database>
	</source>
	<size>
		<width>416</width>
		<height>416</height>
		<depth>3</depth>
	</size>
	<segmented>0</segmented>
	<object>
		<name>masked</name>
		<pose>Unspecified</pose>
		<truncated>0</truncated>
		<difficult>0</difficult>
		<occluded>0</occluded>
		<bndbox>
			<xmin>187</xmin>
			<xmax>416</xmax>
			<ymin>25</ymin>
			<ymax>283</ymax>
		</bndbox>
	</object>
</annotation>
