<annotation>
	<folder></folder>
	<filename>0018_jpg.rf.b831267f9dbc4b589aaba0d98bfbaec1.jpg</filename>
	<path>0018_jpg.rf.b831267f9dbc4b589aaba0d98bfbaec1.jpg</path>
	<source>
		<database>roboflow.ai</database>
	</source>
	<size>
		<width>416</width>
		<height>416</height>
		<depth>3</depth>
	</size>
	<segmented>0</segmented>
	<object>
		<name>masked</name>
		<pose>Unspecified</pose>
		<truncated>0</truncated>
		<difficult>0</difficult>
		<occluded>0</occluded>
		<bndbox>
			<xmin>130</xmin>
			<xmax>262</xmax>
			<ymin>36</ymin>
			<ymax>222</ymax>
		</bndbox>
	</object>
</annotation>
