<annotation>
	<folder></folder>
	<filename>0019_jpg.rf.e732686005b21d8c5c6751394ef8bb90.jpg</filename>
	<path>0019_jpg.rf.e732686005b21d8c5c6751394ef8bb90.jpg</path>
	<source>
		<database>roboflow.ai</database>
	</source>
	<size>
		<width>416</width>
		<height>416</height>
		<depth>3</depth>
	</size>
	<segmented>0</segmented>
	<object>
		<name>masked</name>
		<pose>Unspecified</pose>
		<truncated>0</truncated>
		<difficult>0</difficult>
		<occluded>0</occluded>
		<bndbox>
			<xmin>139</xmin>
			<xmax>282</xmax>
			<ymin>23</ymin>
			<ymax>312</ymax>
		</bndbox>
	</object>
</annotation>
