<annotation>
	<folder></folder>
	<filename>0022_jpg.rf.628b959e8351cf9266844209b5555162.jpg</filename>
	<path>0022_jpg.rf.628b959e8351cf9266844209b5555162.jpg</path>
	<source>
		<database>roboflow.ai</database>
	</source>
	<size>
		<width>416</width>
		<height>416</height>
		<depth>3</depth>
	</size>
	<segmented>0</segmented>
	<object>
		<name>masked</name>
		<pose>Unspecified</pose>
		<truncated>0</truncated>
		<difficult>0</difficult>
		<occluded>0</occluded>
		<bndbox>
			<xmin>343</xmin>
			<xmax>398</xmax>
			<ymin>88</ymin>
			<ymax>197</ymax>
		</bndbox>
	</object>
	<object>
		<name>masked</name>
		<pose>Unspecified</pose>
		<truncated>0</truncated>
		<difficult>0</difficult>
		<occluded>0</occluded>
		<bndbox>
			<xmin>190</xmin>
			<xmax>321</xmax>
			<ymin>56</ymin>
			<ymax>293</ymax>
		</bndbox>
	</object>
</annotation>
