<annotation>
	<folder></folder>
	<filename>0027_jpg.rf.061e84cdc17e92d7ac124e34278b4b4d.jpg</filename>
	<path>0027_jpg.rf.061e84cdc17e92d7ac124e34278b4b4d.jpg</path>
	<source>
		<database>roboflow.ai</database>
	</source>
	<size>
		<width>416</width>
		<height>416</height>
		<depth>3</depth>
	</size>
	<segmented>0</segmented>
	<object>
		<name>masked</name>
		<pose>Unspecified</pose>
		<truncated>0</truncated>
		<difficult>0</difficult>
		<occluded>0</occluded>
		<bndbox>
			<xmin>139</xmin>
			<xmax>234</xmax>
			<ymin>30</ymin>
			<ymax>206</ymax>
		</bndbox>
	</object>
</annotation>
