<annotation>
	<folder></folder>
	<filename>0029_jpg.rf.91b5f098ed6fa328870654e536c40628.jpg</filename>
	<path>0029_jpg.rf.91b5f098ed6fa328870654e536c40628.jpg</path>
	<source>
		<database>roboflow.ai</database>
	</source>
	<size>
		<width>416</width>
		<height>416</height>
		<depth>3</depth>
	</size>
	<segmented>0</segmented>
	<object>
		<name>masked</name>
		<pose>Unspecified</pose>
		<truncated>0</truncated>
		<difficult>0</difficult>
		<occluded>0</occluded>
		<bndbox>
			<xmin>224</xmin>
			<xmax>308</xmax>
			<ymin>76</ymin>
			<ymax>194</ymax>
		</bndbox>
	</object>
</annotation>
