<annotation>
	<folder></folder>
	<filename>0037_jpg.rf.a2acc53c5c3224e54c5ba0fde690f1f7.jpg</filename>
	<path>0037_jpg.rf.a2acc53c5c3224e54c5ba0fde690f1f7.jpg</path>
	<source>
		<database>roboflow.ai</database>
	</source>
	<size>
		<width>416</width>
		<height>416</height>
		<depth>3</depth>
	</size>
	<segmented>0</segmented>
	<object>
		<name>masked</name>
		<pose>Unspecified</pose>
		<truncated>0</truncated>
		<difficult>0</difficult>
		<occluded>0</occluded>
		<bndbox>
			<xmin>60</xmin>
			<xmax>189</xmax>
			<ymin>115</ymin>
			<ymax>335</ymax>
		</bndbox>
	</object>
</annotation>
