<annotation>
	<folder></folder>
	<filename>0040_jpg.rf.629d5e06689ac950e222312e3eba5586.jpg</filename>
	<path>0040_jpg.rf.629d5e06689ac950e222312e3eba5586.jpg</path>
	<source>
		<database>roboflow.ai</database>
	</source>
	<size>
		<width>416</width>
		<height>416</height>
		<depth>3</depth>
	</size>
	<segmented>0</segmented>
	<object>
		<name>masked</name>
		<pose>Unspecified</pose>
		<truncated>0</truncated>
		<difficult>0</difficult>
		<occluded>0</occluded>
		<bndbox>
			<xmin>131</xmin>
			<xmax>178</xmax>
			<ymin>54</ymin>
			<ymax>160</ymax>
		</bndbox>
	</object>
</annotation>
