<annotation>
	<folder></folder>
	<filename>0042_jpg.rf.986247678184e04ede191b5e6e167687.jpg</filename>
	<path>0042_jpg.rf.986247678184e04ede191b5e6e167687.jpg</path>
	<source>
		<database>roboflow.ai</database>
	</source>
	<size>
		<width>416</width>
		<height>416</height>
		<depth>3</depth>
	</size>
	<segmented>0</segmented>
	<object>
		<name>masked</name>
		<pose>Unspecified</pose>
		<truncated>0</truncated>
		<difficult>0</difficult>
		<occluded>0</occluded>
		<bndbox>
			<xmin>118</xmin>
			<xmax>262</xmax>
			<ymin>42</ymin>
			<ymax>277</ymax>
		</bndbox>
	</object>
</annotation>
