<annotation>
	<folder></folder>
	<filename>0043_jpg.rf.1ebef8acb54fc1f0039cd6d460675c6f.jpg</filename>
	<path>0043_jpg.rf.1ebef8acb54fc1f0039cd6d460675c6f.jpg</path>
	<source>
		<database>roboflow.ai</database>
	</source>
	<size>
		<width>416</width>
		<height>416</height>
		<depth>3</depth>
	</size>
	<segmented>0</segmented>
	<object>
		<name>masked</name>
		<pose>Unspecified</pose>
		<truncated>0</truncated>
		<difficult>0</difficult>
		<occluded>0</occluded>
		<bndbox>
			<xmin>218</xmin>
			<xmax>332</xmax>
			<ymin>66</ymin>
			<ymax>228</ymax>
		</bndbox>
	</object>
</annotation>
