<annotation>
	<folder></folder>
	<filename>0048_jpg.rf.5266ab56d98d429487a67a6fdb4e1140.jpg</filename>
	<path>0048_jpg.rf.5266ab56d98d429487a67a6fdb4e1140.jpg</path>
	<source>
		<database>roboflow.ai</database>
	</source>
	<size>
		<width>416</width>
		<height>416</height>
		<depth>3</depth>
	</size>
	<segmented>0</segmented>
	<object>
		<name>masked</name>
		<pose>Unspecified</pose>
		<truncated>0</truncated>
		<difficult>0</difficult>
		<occluded>0</occluded>
		<bndbox>
			<xmin>152</xmin>
			<xmax>231</xmax>
			<ymin>77</ymin>
			<ymax>224</ymax>
		</bndbox>
	</object>
</annotation>
