<annotation>
	<folder></folder>
	<filename>0055_jpg.rf.a1a7cdac8f2350326ab9a2a03d0ab342.jpg</filename>
	<path>0055_jpg.rf.a1a7cdac8f2350326ab9a2a03d0ab342.jpg</path>
	<source>
		<database>roboflow.ai</database>
	</source>
	<size>
		<width>416</width>
		<height>416</height>
		<depth>3</depth>
	</size>
	<segmented>0</segmented>
	<object>
		<name>masked</name>
		<pose>Unspecified</pose>
		<truncated>0</truncated>
		<difficult>0</difficult>
		<occluded>0</occluded>
		<bndbox>
			<xmin>151</xmin>
			<xmax>249</xmax>
			<ymin>72</ymin>
			<ymax>305</ymax>
		</bndbox>
	</object>
</annotation>
