<annotation>
	<folder></folder>
	<filename>0063_jpg.rf.d3d8a9dbde45b19c76489df8f02b6862.jpg</filename>
	<path>0063_jpg.rf.d3d8a9dbde45b19c76489df8f02b6862.jpg</path>
	<source>
		<database>roboflow.ai</database>
	</source>
	<size>
		<width>416</width>
		<height>416</height>
		<depth>3</depth>
	</size>
	<segmented>0</segmented>
	<object>
		<name>masked</name>
		<pose>Unspecified</pose>
		<truncated>0</truncated>
		<difficult>0</difficult>
		<occluded>0</occluded>
		<bndbox>
			<xmin>247</xmin>
			<xmax>354</xmax>
			<ymin>100</ymin>
			<ymax>273</ymax>
		</bndbox>
	</object>
</annotation>
