<annotation>
	<folder></folder>
	<filename>0066_jpg.rf.89f3ab0d607d79b3191a8dbf04536b0a.jpg</filename>
	<path>0066_jpg.rf.89f3ab0d607d79b3191a8dbf04536b0a.jpg</path>
	<source>
		<database>roboflow.ai</database>
	</source>
	<size>
		<width>416</width>
		<height>416</height>
		<depth>3</depth>
	</size>
	<segmented>0</segmented>
	<object>
		<name>masked</name>
		<pose>Unspecified</pose>
		<truncated>0</truncated>
		<difficult>0</difficult>
		<occluded>0</occluded>
		<bndbox>
			<xmin>100</xmin>
			<xmax>321</xmax>
			<ymin>43</ymin>
			<ymax>379</ymax>
		</bndbox>
	</object>
</annotation>
