<annotation>
	<folder></folder>
	<filename>0091_jpg.rf.159d9bc7dbb2fd7d90220ca8877b2070.jpg</filename>
	<path>0091_jpg.rf.159d9bc7dbb2fd7d90220ca8877b2070.jpg</path>
	<source>
		<database>roboflow.ai</database>
	</source>
	<size>
		<width>416</width>
		<height>416</height>
		<depth>3</depth>
	</size>
	<segmented>0</segmented>
	<object>
		<name>masked</name>
		<pose>Unspecified</pose>
		<truncated>0</truncated>
		<difficult>0</difficult>
		<occluded>0</occluded>
		<bndbox>
			<xmin>176</xmin>
			<xmax>297</xmax>
			<ymin>36</ymin>
			<ymax>336</ymax>
		</bndbox>
	</object>
</annotation>
