<annotation>
	<folder></folder>
	<filename>0097_png.rf.b4184d0a6feb6d513b1953d62a8a28bc.jpg</filename>
	<path>0097_png.rf.b4184d0a6feb6d513b1953d62a8a28bc.jpg</path>
	<source>
		<database>roboflow.ai</database>
	</source>
	<size>
		<width>416</width>
		<height>416</height>
		<depth>3</depth>
	</size>
	<segmented>0</segmented>
	<object>
		<name>masked</name>
		<pose>Unspecified</pose>
		<truncated>0</truncated>
		<difficult>0</difficult>
		<occluded>0</occluded>
		<bndbox>
			<xmin>68</xmin>
			<xmax>282</xmax>
			<ymin>14</ymin>
			<ymax>290</ymax>
		</bndbox>
	</object>
</annotation>
