<annotation>
	<folder></folder>
	<filename>0110_jpg.rf.9088e5d1ab219e9c2e8d5b315de23209.jpg</filename>
	<path>0110_jpg.rf.9088e5d1ab219e9c2e8d5b315de23209.jpg</path>
	<source>
		<database>roboflow.ai</database>
	</source>
	<size>
		<width>416</width>
		<height>416</height>
		<depth>3</depth>
	</size>
	<segmented>0</segmented>
	<object>
		<name>masked</name>
		<pose>Unspecified</pose>
		<truncated>0</truncated>
		<difficult>0</difficult>
		<occluded>0</occluded>
		<bndbox>
			<xmin>126</xmin>
			<xmax>287</xmax>
			<ymin>27</ymin>
			<ymax>376</ymax>
		</bndbox>
	</object>
</annotation>
