<annotation>
	<folder></folder>
	<filename>0112_png.rf.59a0744d09b20291f10f2da52596a48b.jpg</filename>
	<path>0112_png.rf.59a0744d09b20291f10f2da52596a48b.jpg</path>
	<source>
		<database>roboflow.ai</database>
	</source>
	<size>
		<width>416</width>
		<height>416</height>
		<depth>3</depth>
	</size>
	<segmented>0</segmented>
	<object>
		<name>masked</name>
		<pose>Unspecified</pose>
		<truncated>0</truncated>
		<difficult>0</difficult>
		<occluded>0</occluded>
		<bndbox>
			<xmin>131</xmin>
			<xmax>250</xmax>
			<ymin>72</ymin>
			<ymax>343</ymax>
		</bndbox>
	</object>
</annotation>
