<annotation>
	<folder></folder>
	<filename>0113_jpg.rf.f75d1d34dcba896c87ebff0b8548ec80.jpg</filename>
	<path>0113_jpg.rf.f75d1d34dcba896c87ebff0b8548ec80.jpg</path>
	<source>
		<database>roboflow.ai</database>
	</source>
	<size>
		<width>416</width>
		<height>416</height>
		<depth>3</depth>
	</size>
	<segmented>0</segmented>
	<object>
		<name>masked</name>
		<pose>Unspecified</pose>
		<truncated>0</truncated>
		<difficult>0</difficult>
		<occluded>0</occluded>
		<bndbox>
			<xmin>152</xmin>
			<xmax>262</xmax>
			<ymin>50</ymin>
			<ymax>253</ymax>
		</bndbox>
	</object>
</annotation>
