<annotation>
	<folder></folder>
	<filename>0115_jpg.rf.046c4f354028cb8f55c1d9c7bc79c010.jpg</filename>
	<path>0115_jpg.rf.046c4f354028cb8f55c1d9c7bc79c010.jpg</path>
	<source>
		<database>roboflow.ai</database>
	</source>
	<size>
		<width>416</width>
		<height>416</height>
		<depth>3</depth>
	</size>
	<segmented>0</segmented>
	<object>
		<name>masked</name>
		<pose>Unspecified</pose>
		<truncated>0</truncated>
		<difficult>0</difficult>
		<occluded>0</occluded>
		<bndbox>
			<xmin>120</xmin>
			<xmax>207</xmax>
			<ymin>36</ymin>
			<ymax>202</ymax>
		</bndbox>
	</object>
</annotation>
