<annotation>
	<folder></folder>
	<filename>0116_png.rf.62f903ed9ee3070cb3575125f36168b7.jpg</filename>
	<path>0116_png.rf.62f903ed9ee3070cb3575125f36168b7.jpg</path>
	<source>
		<database>roboflow.ai</database>
	</source>
	<size>
		<width>416</width>
		<height>416</height>
		<depth>3</depth>
	</size>
	<segmented>0</segmented>
	<object>
		<name>masked</name>
		<pose>Unspecified</pose>
		<truncated>0</truncated>
		<difficult>0</difficult>
		<occluded>0</occluded>
		<bndbox>
			<xmin>133</xmin>
			<xmax>314</xmax>
			<ymin>44</ymin>
			<ymax>276</ymax>
		</bndbox>
	</object>
</annotation>
