<annotation>
	<folder></folder>
	<filename>0121_png.rf.bb0f1f18a6e3c430bf6722f8f28103b3.jpg</filename>
	<path>0121_png.rf.bb0f1f18a6e3c430bf6722f8f28103b3.jpg</path>
	<source>
		<database>roboflow.ai</database>
	</source>
	<size>
		<width>416</width>
		<height>416</height>
		<depth>3</depth>
	</size>
	<segmented>0</segmented>
	<object>
		<name>masked</name>
		<pose>Unspecified</pose>
		<truncated>0</truncated>
		<difficult>0</difficult>
		<occluded>0</occluded>
		<bndbox>
			<xmin>192</xmin>
			<xmax>247</xmax>
			<ymin>27</ymin>
			<ymax>187</ymax>
		</bndbox>
	</object>
</annotation>
