<annotation>
	<folder></folder>
	<filename>0125_jpeg.rf.dc16b6dbc3e0006dedcbb860bb4203c3.jpg</filename>
	<path>0125_jpeg.rf.dc16b6dbc3e0006dedcbb860bb4203c3.jpg</path>
	<source>
		<database>roboflow.ai</database>
	</source>
	<size>
		<width>416</width>
		<height>416</height>
		<depth>3</depth>
	</size>
	<segmented>0</segmented>
	<object>
		<name>masked</name>
		<pose>Unspecified</pose>
		<truncated>0</truncated>
		<difficult>0</difficult>
		<occluded>0</occluded>
		<bndbox>
			<xmin>125</xmin>
			<xmax>275</xmax>
			<ymin>39</ymin>
			<ymax>395</ymax>
		</bndbox>
	</object>
</annotation>
