<annotation>
	<folder></folder>
	<filename>0126_jpg.rf.66abfb23a0bcd8bf7f8c0ac3255cae0a.jpg</filename>
	<path>0126_jpg.rf.66abfb23a0bcd8bf7f8c0ac3255cae0a.jpg</path>
	<source>
		<database>roboflow.ai</database>
	</source>
	<size>
		<width>416</width>
		<height>416</height>
		<depth>3</depth>
	</size>
	<segmented>0</segmented>
	<object>
		<name>masked</name>
		<pose>Unspecified</pose>
		<truncated>0</truncated>
		<difficult>0</difficult>
		<occluded>0</occluded>
		<bndbox>
			<xmin>68</xmin>
			<xmax>324</xmax>
			<ymin>59</ymin>
			<ymax>364</ymax>
		</bndbox>
	</object>
</annotation>
