<annotation>
	<folder></folder>
	<filename>0127_jpg.rf.c1113d65a8c4c32d236863db3b474824.jpg</filename>
	<path>0127_jpg.rf.c1113d65a8c4c32d236863db3b474824.jpg</path>
	<source>
		<database>roboflow.ai</database>
	</source>
	<size>
		<width>416</width>
		<height>416</height>
		<depth>3</depth>
	</size>
	<segmented>0</segmented>
	<object>
		<name>masked</name>
		<pose>Unspecified</pose>
		<truncated>0</truncated>
		<difficult>0</difficult>
		<occluded>0</occluded>
		<bndbox>
			<xmin>153</xmin>
			<xmax>284</xmax>
			<ymin>63</ymin>
			<ymax>328</ymax>
		</bndbox>
	</object>
</annotation>
