<annotation>
	<folder></folder>
	<filename>0128_png.rf.0f847212ca7c269bde093905a654e44b.jpg</filename>
	<path>0128_png.rf.0f847212ca7c269bde093905a654e44b.jpg</path>
	<source>
		<database>roboflow.ai</database>
	</source>
	<size>
		<width>416</width>
		<height>416</height>
		<depth>3</depth>
	</size>
	<segmented>0</segmented>
	<object>
		<name>masked</name>
		<pose>Unspecified</pose>
		<truncated>0</truncated>
		<difficult>0</difficult>
		<occluded>0</occluded>
		<bndbox>
			<xmin>101</xmin>
			<xmax>314</xmax>
			<ymin>19</ymin>
			<ymax>380</ymax>
		</bndbox>
	</object>
</annotation>
