<annotation>
	<folder></folder>
	<filename>0129_png.rf.c370d624fc64af97a636bd05ed3cc6dc.jpg</filename>
	<path>0129_png.rf.c370d624fc64af97a636bd05ed3cc6dc.jpg</path>
	<source>
		<database>roboflow.ai</database>
	</source>
	<size>
		<width>416</width>
		<height>416</height>
		<depth>3</depth>
	</size>
	<segmented>0</segmented>
	<object>
		<name>masked</name>
		<pose>Unspecified</pose>
		<truncated>0</truncated>
		<difficult>0</difficult>
		<occluded>0</occluded>
		<bndbox>
			<xmin>76</xmin>
			<xmax>309</xmax>
			<ymin>18</ymin>
			<ymax>413</ymax>
		</bndbox>
	</object>
</annotation>
