<annotation>
	<folder></folder>
	<filename>0150_jpg.rf.bfb69b0b545b810cbad05c4eb438661a.jpg</filename>
	<path>0150_jpg.rf.bfb69b0b545b810cbad05c4eb438661a.jpg</path>
	<source>
		<database>roboflow.ai</database>
	</source>
	<size>
		<width>416</width>
		<height>416</height>
		<depth>3</depth>
	</size>
	<segmented>0</segmented>
	<object>
		<name>masked</name>
		<pose>Unspecified</pose>
		<truncated>0</truncated>
		<difficult>0</difficult>
		<occluded>0</occluded>
		<bndbox>
			<xmin>175</xmin>
			<xmax>334</xmax>
			<ymin>18</ymin>
			<ymax>326</ymax>
		</bndbox>
	</object>
</annotation>
