<annotation>
	<folder></folder>
	<filename>0153_jpg.rf.1d332a054f7317d403ab70543f88aaa0.jpg</filename>
	<path>0153_jpg.rf.1d332a054f7317d403ab70543f88aaa0.jpg</path>
	<source>
		<database>roboflow.ai</database>
	</source>
	<size>
		<width>416</width>
		<height>416</height>
		<depth>3</depth>
	</size>
	<segmented>0</segmented>
	<object>
		<name>masked</name>
		<pose>Unspecified</pose>
		<truncated>0</truncated>
		<difficult>0</difficult>
		<occluded>0</occluded>
		<bndbox>
			<xmin>92</xmin>
			<xmax>330</xmax>
			<ymin>27</ymin>
			<ymax>278</ymax>
		</bndbox>
	</object>
</annotation>
