<annotation>
	<folder></folder>
	<filename>0158_jpg.rf.c9173f8a34446efff996314a2d0e8993.jpg</filename>
	<path>0158_jpg.rf.c9173f8a34446efff996314a2d0e8993.jpg</path>
	<source>
		<database>roboflow.ai</database>
	</source>
	<size>
		<width>416</width>
		<height>416</height>
		<depth>3</depth>
	</size>
	<segmented>0</segmented>
	<object>
		<name>masked</name>
		<pose>Unspecified</pose>
		<truncated>0</truncated>
		<difficult>0</difficult>
		<occluded>0</occluded>
		<bndbox>
			<xmin>18</xmin>
			<xmax>211</xmax>
			<ymin>26</ymin>
			<ymax>392</ymax>
		</bndbox>
	</object>
</annotation>
