<annotation>
	<folder></folder>
	<filename>0160_jpg.rf.f2f604bb49f12f018c2ac6c46f8f6562.jpg</filename>
	<path>0160_jpg.rf.f2f604bb49f12f018c2ac6c46f8f6562.jpg</path>
	<source>
		<database>roboflow.ai</database>
	</source>
	<size>
		<width>416</width>
		<height>416</height>
		<depth>3</depth>
	</size>
	<segmented>0</segmented>
	<object>
		<name>masked</name>
		<pose>Unspecified</pose>
		<truncated>0</truncated>
		<difficult>0</difficult>
		<occluded>0</occluded>
		<bndbox>
			<xmin>175</xmin>
			<xmax>350</xmax>
			<ymin>11</ymin>
			<ymax>371</ymax>
		</bndbox>
	</object>
</annotation>
