<annotation>
	<folder></folder>
	<filename>0161_jpg.rf.bb2a82fa71d1f910db973a3f13606727.jpg</filename>
	<path>0161_jpg.rf.bb2a82fa71d1f910db973a3f13606727.jpg</path>
	<source>
		<database>roboflow.ai</database>
	</source>
	<size>
		<width>416</width>
		<height>416</height>
		<depth>3</depth>
	</size>
	<segmented>0</segmented>
	<object>
		<name>masked</name>
		<pose>Unspecified</pose>
		<truncated>0</truncated>
		<difficult>0</difficult>
		<occluded>0</occluded>
		<bndbox>
			<xmin>151</xmin>
			<xmax>285</xmax>
			<ymin>36</ymin>
			<ymax>293</ymax>
		</bndbox>
	</object>
</annotation>
