<annotation>
	<folder></folder>
	<filename>0166_jpg.rf.7438bb87526106ab9796930689f4bbbd.jpg</filename>
	<path>0166_jpg.rf.7438bb87526106ab9796930689f4bbbd.jpg</path>
	<source>
		<database>roboflow.ai</database>
	</source>
	<size>
		<width>416</width>
		<height>416</height>
		<depth>3</depth>
	</size>
	<segmented>0</segmented>
	<object>
		<name>masked</name>
		<pose>Unspecified</pose>
		<truncated>0</truncated>
		<difficult>0</difficult>
		<occluded>0</occluded>
		<bndbox>
			<xmin>36</xmin>
			<xmax>330</xmax>
			<ymin>9</ymin>
			<ymax>331</ymax>
		</bndbox>
	</object>
</annotation>
