<annotation>
	<folder></folder>
	<filename>0168_png.rf.752794359f47dfedb59062d7a3693b08.jpg</filename>
	<path>0168_png.rf.752794359f47dfedb59062d7a3693b08.jpg</path>
	<source>
		<database>roboflow.ai</database>
	</source>
	<size>
		<width>416</width>
		<height>416</height>
		<depth>3</depth>
	</size>
	<segmented>0</segmented>
	<object>
		<name>masked</name>
		<pose>Unspecified</pose>
		<truncated>0</truncated>
		<difficult>0</difficult>
		<occluded>0</occluded>
		<bndbox>
			<xmin>120</xmin>
			<xmax>333</xmax>
			<ymin>22</ymin>
			<ymax>310</ymax>
		</bndbox>
	</object>
</annotation>
