<annotation>
	<folder></folder>
	<filename>0170_jpg.rf.c6f9813849789eb0e9a90a4b8d9b22d4.jpg</filename>
	<path>0170_jpg.rf.c6f9813849789eb0e9a90a4b8d9b22d4.jpg</path>
	<source>
		<database>roboflow.ai</database>
	</source>
	<size>
		<width>416</width>
		<height>416</height>
		<depth>3</depth>
	</size>
	<segmented>0</segmented>
	<object>
		<name>masked</name>
		<pose>Unspecified</pose>
		<truncated>0</truncated>
		<difficult>0</difficult>
		<occluded>0</occluded>
		<bndbox>
			<xmin>124</xmin>
			<xmax>303</xmax>
			<ymin>64</ymin>
			<ymax>357</ymax>
		</bndbox>
	</object>
</annotation>
