<annotation>
	<folder></folder>
	<filename>0171_jpg.rf.c5dd64557aaefab1cec07a60fc1e6c07.jpg</filename>
	<path>0171_jpg.rf.c5dd64557aaefab1cec07a60fc1e6c07.jpg</path>
	<source>
		<database>roboflow.ai</database>
	</source>
	<size>
		<width>416</width>
		<height>416</height>
		<depth>3</depth>
	</size>
	<segmented>0</segmented>
	<object>
		<name>masked</name>
		<pose>Unspecified</pose>
		<truncated>0</truncated>
		<difficult>0</difficult>
		<occluded>0</occluded>
		<bndbox>
			<xmin>89</xmin>
			<xmax>224</xmax>
			<ymin>49</ymin>
			<ymax>262</ymax>
		</bndbox>
	</object>
</annotation>
