<annotation>
	<folder></folder>
	<filename>0188_jpg.rf.ed89acf1272c4b4e67fda59c672b041c.jpg</filename>
	<path>0188_jpg.rf.ed89acf1272c4b4e67fda59c672b041c.jpg</path>
	<source>
		<database>roboflow.ai</database>
	</source>
	<size>
		<width>416</width>
		<height>416</height>
		<depth>3</depth>
	</size>
	<segmented>0</segmented>
	<object>
		<name>masked</name>
		<pose>Unspecified</pose>
		<truncated>0</truncated>
		<difficult>0</difficult>
		<occluded>0</occluded>
		<bndbox>
			<xmin>141</xmin>
			<xmax>315</xmax>
			<ymin>1</ymin>
			<ymax>276</ymax>
		</bndbox>
	</object>
</annotation>
