<annotation>
	<folder></folder>
	<filename>0190_jpg.rf.baca6dcd0992c5fba1ebf2eb3cb212c9.jpg</filename>
	<path>0190_jpg.rf.baca6dcd0992c5fba1ebf2eb3cb212c9.jpg</path>
	<source>
		<database>roboflow.ai</database>
	</source>
	<size>
		<width>416</width>
		<height>416</height>
		<depth>3</depth>
	</size>
	<segmented>0</segmented>
	<object>
		<name>masked</name>
		<pose>Unspecified</pose>
		<truncated>0</truncated>
		<difficult>0</difficult>
		<occluded>0</occluded>
		<bndbox>
			<xmin>147</xmin>
			<xmax>264</xmax>
			<ymin>68</ymin>
			<ymax>315</ymax>
		</bndbox>
	</object>
</annotation>
