<annotation>
	<folder></folder>
	<filename>0197_png.rf.85778f3659464f0019e0a11c026c1772.jpg</filename>
	<path>0197_png.rf.85778f3659464f0019e0a11c026c1772.jpg</path>
	<source>
		<database>roboflow.ai</database>
	</source>
	<size>
		<width>416</width>
		<height>416</height>
		<depth>3</depth>
	</size>
	<segmented>0</segmented>
	<object>
		<name>masked</name>
		<pose>Unspecified</pose>
		<truncated>0</truncated>
		<difficult>0</difficult>
		<occluded>0</occluded>
		<bndbox>
			<xmin>107</xmin>
			<xmax>299</xmax>
			<ymin>45</ymin>
			<ymax>345</ymax>
		</bndbox>
	</object>
</annotation>
