<annotation>
	<folder></folder>
	<filename>0198_jpg.rf.e78465ade15e3b15589721d7a4efc2eb.jpg</filename>
	<path>0198_jpg.rf.e78465ade15e3b15589721d7a4efc2eb.jpg</path>
	<source>
		<database>roboflow.ai</database>
	</source>
	<size>
		<width>416</width>
		<height>416</height>
		<depth>3</depth>
	</size>
	<segmented>0</segmented>
	<object>
		<name>masked</name>
		<pose>Unspecified</pose>
		<truncated>0</truncated>
		<difficult>0</difficult>
		<occluded>0</occluded>
		<bndbox>
			<xmin>210</xmin>
			<xmax>328</xmax>
			<ymin>41</ymin>
			<ymax>247</ymax>
		</bndbox>
	</object>
</annotation>
