<annotation>
	<folder></folder>
	<filename>0200_jpg.rf.fbff1be97d356feb90d8fcc298eb5a88.jpg</filename>
	<path>0200_jpg.rf.fbff1be97d356feb90d8fcc298eb5a88.jpg</path>
	<source>
		<database>roboflow.ai</database>
	</source>
	<size>
		<width>416</width>
		<height>416</height>
		<depth>3</depth>
	</size>
	<segmented>0</segmented>
	<object>
		<name>masked</name>
		<pose>Unspecified</pose>
		<truncated>0</truncated>
		<difficult>0</difficult>
		<occluded>0</occluded>
		<bndbox>
			<xmin>102</xmin>
			<xmax>309</xmax>
			<ymin>33</ymin>
			<ymax>394</ymax>
		</bndbox>
	</object>
</annotation>
