<annotation>
	<folder></folder>
	<filename>0201_jpg.rf.e944d4ded6ef1c2b91e3e8a4ab1bf06f.jpg</filename>
	<path>0201_jpg.rf.e944d4ded6ef1c2b91e3e8a4ab1bf06f.jpg</path>
	<source>
		<database>roboflow.ai</database>
	</source>
	<size>
		<width>416</width>
		<height>416</height>
		<depth>3</depth>
	</size>
	<segmented>0</segmented>
	<object>
		<name>masked</name>
		<pose>Unspecified</pose>
		<truncated>0</truncated>
		<difficult>0</difficult>
		<occluded>0</occluded>
		<bndbox>
			<xmin>141</xmin>
			<xmax>282</xmax>
			<ymin>73</ymin>
			<ymax>349</ymax>
		</bndbox>
	</object>
</annotation>
