<annotation>
	<folder></folder>
	<filename>0202_jpg.rf.da67ff7fc84b902ac523d298fdf40db8.jpg</filename>
	<path>0202_jpg.rf.da67ff7fc84b902ac523d298fdf40db8.jpg</path>
	<source>
		<database>roboflow.ai</database>
	</source>
	<size>
		<width>416</width>
		<height>416</height>
		<depth>3</depth>
	</size>
	<segmented>0</segmented>
	<object>
		<name>masked</name>
		<pose>Unspecified</pose>
		<truncated>0</truncated>
		<difficult>0</difficult>
		<occluded>0</occluded>
		<bndbox>
			<xmin>139</xmin>
			<xmax>314</xmax>
			<ymin>48</ymin>
			<ymax>382</ymax>
		</bndbox>
	</object>
</annotation>
