<annotation>
	<folder></folder>
	<filename>0205_jpg.rf.c2872e0003aa7e4aceedc8974f991382.jpg</filename>
	<path>0205_jpg.rf.c2872e0003aa7e4aceedc8974f991382.jpg</path>
	<source>
		<database>roboflow.ai</database>
	</source>
	<size>
		<width>416</width>
		<height>416</height>
		<depth>3</depth>
	</size>
	<segmented>0</segmented>
	<object>
		<name>masked</name>
		<pose>Unspecified</pose>
		<truncated>0</truncated>
		<difficult>0</difficult>
		<occluded>0</occluded>
		<bndbox>
			<xmin>156</xmin>
			<xmax>279</xmax>
			<ymin>71</ymin>
			<ymax>188</ymax>
		</bndbox>
	</object>
</annotation>
