<annotation>
	<folder></folder>
	<filename>0211_jpg.rf.1328dc38de6036916d109aeddc9623b7.jpg</filename>
	<path>0211_jpg.rf.1328dc38de6036916d109aeddc9623b7.jpg</path>
	<source>
		<database>roboflow.ai</database>
	</source>
	<size>
		<width>416</width>
		<height>416</height>
		<depth>3</depth>
	</size>
	<segmented>0</segmented>
	<object>
		<name>masked</name>
		<pose>Unspecified</pose>
		<truncated>0</truncated>
		<difficult>0</difficult>
		<occluded>0</occluded>
		<bndbox>
			<xmin>3</xmin>
			<xmax>347</xmax>
			<ymin>31</ymin>
			<ymax>332</ymax>
		</bndbox>
	</object>
</annotation>
