<annotation>
	<folder></folder>
	<filename>0212_jpg.rf.54fdcbbbf86bd6b78664fe15af5bdaaf.jpg</filename>
	<path>0212_jpg.rf.54fdcbbbf86bd6b78664fe15af5bdaaf.jpg</path>
	<source>
		<database>roboflow.ai</database>
	</source>
	<size>
		<width>416</width>
		<height>416</height>
		<depth>3</depth>
	</size>
	<segmented>0</segmented>
	<object>
		<name>masked</name>
		<pose>Unspecified</pose>
		<truncated>0</truncated>
		<difficult>0</difficult>
		<occluded>0</occluded>
		<bndbox>
			<xmin>140</xmin>
			<xmax>290</xmax>
			<ymin>40</ymin>
			<ymax>270</ymax>
		</bndbox>
	</object>
</annotation>
