<annotation>
	<folder></folder>
	<filename>0216_jpg.rf.57098c9cd20731a2a76ef867e14cdee4.jpg</filename>
	<path>0216_jpg.rf.57098c9cd20731a2a76ef867e14cdee4.jpg</path>
	<source>
		<database>roboflow.ai</database>
	</source>
	<size>
		<width>416</width>
		<height>416</height>
		<depth>3</depth>
	</size>
	<segmented>0</segmented>
	<object>
		<name>masked</name>
		<pose>Unspecified</pose>
		<truncated>0</truncated>
		<difficult>0</difficult>
		<occluded>0</occluded>
		<bndbox>
			<xmin>176</xmin>
			<xmax>319</xmax>
			<ymin>92</ymin>
			<ymax>349</ymax>
		</bndbox>
	</object>
</annotation>
