<annotation>
	<folder></folder>
	<filename>0220_jpg.rf.5dba26ea22c601a902076eec9bdfa5d6.jpg</filename>
	<path>0220_jpg.rf.5dba26ea22c601a902076eec9bdfa5d6.jpg</path>
	<source>
		<database>roboflow.ai</database>
	</source>
	<size>
		<width>416</width>
		<height>416</height>
		<depth>3</depth>
	</size>
	<segmented>0</segmented>
	<object>
		<name>masked</name>
		<pose>Unspecified</pose>
		<truncated>0</truncated>
		<difficult>0</difficult>
		<occluded>0</occluded>
		<bndbox>
			<xmin>59</xmin>
			<xmax>298</xmax>
			<ymin>142</ymin>
			<ymax>379</ymax>
		</bndbox>
	</object>
</annotation>
