<annotation>
	<folder></folder>
	<filename>0241_jpg.rf.560a8122a1721c40a20f3e07a19aa990.jpg</filename>
	<path>0241_jpg.rf.560a8122a1721c40a20f3e07a19aa990.jpg</path>
	<source>
		<database>roboflow.ai</database>
	</source>
	<size>
		<width>416</width>
		<height>416</height>
		<depth>3</depth>
	</size>
	<segmented>0</segmented>
	<object>
		<name>masked</name>
		<pose>Unspecified</pose>
		<truncated>0</truncated>
		<difficult>0</difficult>
		<occluded>0</occluded>
		<bndbox>
			<xmin>146</xmin>
			<xmax>284</xmax>
			<ymin>55</ymin>
			<ymax>245</ymax>
		</bndbox>
	</object>
</annotation>
