<annotation>
	<folder></folder>
	<filename>0243_jpg.rf.05771a56ac9949c01cf24f6195de2ab2.jpg</filename>
	<path>0243_jpg.rf.05771a56ac9949c01cf24f6195de2ab2.jpg</path>
	<source>
		<database>roboflow.ai</database>
	</source>
	<size>
		<width>416</width>
		<height>416</height>
		<depth>3</depth>
	</size>
	<segmented>0</segmented>
	<object>
		<name>masked</name>
		<pose>Unspecified</pose>
		<truncated>0</truncated>
		<difficult>0</difficult>
		<occluded>0</occluded>
		<bndbox>
			<xmin>112</xmin>
			<xmax>348</xmax>
			<ymin>66</ymin>
			<ymax>359</ymax>
		</bndbox>
	</object>
</annotation>
