<annotation>
	<folder></folder>
	<filename>0247_jpg.rf.7f92a61f0aa33e8083704ed5b85666ee.jpg</filename>
	<path>0247_jpg.rf.7f92a61f0aa33e8083704ed5b85666ee.jpg</path>
	<source>
		<database>roboflow.ai</database>
	</source>
	<size>
		<width>416</width>
		<height>416</height>
		<depth>3</depth>
	</size>
	<segmented>0</segmented>
	<object>
		<name>masked</name>
		<pose>Unspecified</pose>
		<truncated>0</truncated>
		<difficult>0</difficult>
		<occluded>0</occluded>
		<bndbox>
			<xmin>94</xmin>
			<xmax>338</xmax>
			<ymin>76</ymin>
			<ymax>354</ymax>
		</bndbox>
	</object>
</annotation>
