<annotation>
	<folder></folder>
	<filename>0249_jpg.rf.f213ad048152e886864466744fd65be6.jpg</filename>
	<path>0249_jpg.rf.f213ad048152e886864466744fd65be6.jpg</path>
	<source>
		<database>roboflow.ai</database>
	</source>
	<size>
		<width>416</width>
		<height>416</height>
		<depth>3</depth>
	</size>
	<segmented>0</segmented>
	<object>
		<name>masked</name>
		<pose>Unspecified</pose>
		<truncated>0</truncated>
		<difficult>0</difficult>
		<occluded>0</occluded>
		<bndbox>
			<xmin>54</xmin>
			<xmax>336</xmax>
			<ymin>44</ymin>
			<ymax>339</ymax>
		</bndbox>
	</object>
</annotation>
