<annotation>
	<folder></folder>
	<filename>0250_png.rf.206d51f581c64190be5f9f509e545e1a.jpg</filename>
	<path>0250_png.rf.206d51f581c64190be5f9f509e545e1a.jpg</path>
	<source>
		<database>roboflow.ai</database>
	</source>
	<size>
		<width>416</width>
		<height>416</height>
		<depth>3</depth>
	</size>
	<segmented>0</segmented>
	<object>
		<name>masked</name>
		<pose>Unspecified</pose>
		<truncated>0</truncated>
		<difficult>0</difficult>
		<occluded>0</occluded>
		<bndbox>
			<xmin>98</xmin>
			<xmax>341</xmax>
			<ymin>69</ymin>
			<ymax>385</ymax>
		</bndbox>
	</object>
</annotation>
