<annotation>
	<folder></folder>
	<filename>0257_jpg.rf.fe83a6d091707bea0bd4a09c7df7f34c.jpg</filename>
	<path>0257_jpg.rf.fe83a6d091707bea0bd4a09c7df7f34c.jpg</path>
	<source>
		<database>roboflow.ai</database>
	</source>
	<size>
		<width>416</width>
		<height>416</height>
		<depth>3</depth>
	</size>
	<segmented>0</segmented>
	<object>
		<name>masked</name>
		<pose>Unspecified</pose>
		<truncated>0</truncated>
		<difficult>0</difficult>
		<occluded>0</occluded>
		<bndbox>
			<xmin>141</xmin>
			<xmax>278</xmax>
			<ymin>84</ymin>
			<ymax>285</ymax>
		</bndbox>
	</object>
</annotation>
