<annotation>
	<folder></folder>
	<filename>0267_jpg.rf.63a6615cae74b5f35e5303679188d6ff.jpg</filename>
	<path>0267_jpg.rf.63a6615cae74b5f35e5303679188d6ff.jpg</path>
	<source>
		<database>roboflow.ai</database>
	</source>
	<size>
		<width>416</width>
		<height>416</height>
		<depth>3</depth>
	</size>
	<segmented>0</segmented>
	<object>
		<name>masked</name>
		<pose>Unspecified</pose>
		<truncated>0</truncated>
		<difficult>0</difficult>
		<occluded>0</occluded>
		<bndbox>
			<xmin>80</xmin>
			<xmax>246</xmax>
			<ymin>30</ymin>
			<ymax>276</ymax>
		</bndbox>
	</object>
</annotation>
