<annotation>
	<folder></folder>
	<filename>0269_jpg.rf.83b988b7ed39ff00b77c4a3b152c62f0.jpg</filename>
	<path>0269_jpg.rf.83b988b7ed39ff00b77c4a3b152c62f0.jpg</path>
	<source>
		<database>roboflow.ai</database>
	</source>
	<size>
		<width>416</width>
		<height>416</height>
		<depth>3</depth>
	</size>
	<segmented>0</segmented>
	<object>
		<name>masked</name>
		<pose>Unspecified</pose>
		<truncated>0</truncated>
		<difficult>0</difficult>
		<occluded>0</occluded>
		<bndbox>
			<xmin>29</xmin>
			<xmax>363</xmax>
			<ymin>11</ymin>
			<ymax>365</ymax>
		</bndbox>
	</object>
</annotation>
