<annotation>
	<folder></folder>
	<filename>0273_jpg.rf.e155af0e557bbb1559cd9e11cef9e702.jpg</filename>
	<path>0273_jpg.rf.e155af0e557bbb1559cd9e11cef9e702.jpg</path>
	<source>
		<database>roboflow.ai</database>
	</source>
	<size>
		<width>416</width>
		<height>416</height>
		<depth>3</depth>
	</size>
	<segmented>0</segmented>
	<object>
		<name>masked</name>
		<pose>Unspecified</pose>
		<truncated>0</truncated>
		<difficult>0</difficult>
		<occluded>0</occluded>
		<bndbox>
			<xmin>150</xmin>
			<xmax>283</xmax>
			<ymin>1</ymin>
			<ymax>305</ymax>
		</bndbox>
	</object>
</annotation>
