<annotation>
	<folder></folder>
	<filename>0277_jpg.rf.6b16017a1ff5ada6a382989baaa6fb1d.jpg</filename>
	<path>0277_jpg.rf.6b16017a1ff5ada6a382989baaa6fb1d.jpg</path>
	<source>
		<database>roboflow.ai</database>
	</source>
	<size>
		<width>416</width>
		<height>416</height>
		<depth>3</depth>
	</size>
	<segmented>0</segmented>
	<object>
		<name>masked</name>
		<pose>Unspecified</pose>
		<truncated>0</truncated>
		<difficult>0</difficult>
		<occluded>0</occluded>
		<bndbox>
			<xmin>88</xmin>
			<xmax>328</xmax>
			<ymin>29</ymin>
			<ymax>366</ymax>
		</bndbox>
	</object>
</annotation>
