<annotation>
	<folder></folder>
	<filename>0286_jpg.rf.e4cb07fc578cd91c6ae5821b59e380af.jpg</filename>
	<path>0286_jpg.rf.e4cb07fc578cd91c6ae5821b59e380af.jpg</path>
	<source>
		<database>roboflow.ai</database>
	</source>
	<size>
		<width>416</width>
		<height>416</height>
		<depth>3</depth>
	</size>
	<segmented>0</segmented>
	<object>
		<name>masked</name>
		<pose>Unspecified</pose>
		<truncated>0</truncated>
		<difficult>0</difficult>
		<occluded>0</occluded>
		<bndbox>
			<xmin>214</xmin>
			<xmax>381</xmax>
			<ymin>32</ymin>
			<ymax>304</ymax>
		</bndbox>
	</object>
</annotation>
