<annotation>
	<folder></folder>
	<filename>0309_jpg.rf.aca3ee548ad757b9950886f3cdf4cf4a.jpg</filename>
	<path>0309_jpg.rf.aca3ee548ad757b9950886f3cdf4cf4a.jpg</path>
	<source>
		<database>roboflow.ai</database>
	</source>
	<size>
		<width>416</width>
		<height>416</height>
		<depth>3</depth>
	</size>
	<segmented>0</segmented>
	<object>
		<name>masked</name>
		<pose>Unspecified</pose>
		<truncated>0</truncated>
		<difficult>0</difficult>
		<occluded>0</occluded>
		<bndbox>
			<xmin>76</xmin>
			<xmax>316</xmax>
			<ymin>58</ymin>
			<ymax>325</ymax>
		</bndbox>
	</object>
</annotation>
