<annotation>
	<folder></folder>
	<filename>0311_jpeg.rf.5febd3185336d5c88037458c3ac216df.jpg</filename>
	<path>0311_jpeg.rf.5febd3185336d5c88037458c3ac216df.jpg</path>
	<source>
		<database>roboflow.ai</database>
	</source>
	<size>
		<width>416</width>
		<height>416</height>
		<depth>3</depth>
	</size>
	<segmented>0</segmented>
	<object>
		<name>masked</name>
		<pose>Unspecified</pose>
		<truncated>0</truncated>
		<difficult>0</difficult>
		<occluded>0</occluded>
		<bndbox>
			<xmin>64</xmin>
			<xmax>337</xmax>
			<ymin>10</ymin>
			<ymax>375</ymax>
		</bndbox>
	</object>
</annotation>
