<annotation>
	<folder></folder>
	<filename>0317_jpg.rf.9e709dcd7c74a2dd7f60f6edcf08cb94.jpg</filename>
	<path>0317_jpg.rf.9e709dcd7c74a2dd7f60f6edcf08cb94.jpg</path>
	<source>
		<database>roboflow.ai</database>
	</source>
	<size>
		<width>416</width>
		<height>416</height>
		<depth>3</depth>
	</size>
	<segmented>0</segmented>
	<object>
		<name>masked</name>
		<pose>Unspecified</pose>
		<truncated>0</truncated>
		<difficult>0</difficult>
		<occluded>0</occluded>
		<bndbox>
			<xmin>122</xmin>
			<xmax>313</xmax>
			<ymin>20</ymin>
			<ymax>320</ymax>
		</bndbox>
	</object>
</annotation>
