<annotation>
	<folder></folder>
	<filename>0323_jpg.rf.75720410428cc4942ee184122f56fb7c.jpg</filename>
	<path>0323_jpg.rf.75720410428cc4942ee184122f56fb7c.jpg</path>
	<source>
		<database>roboflow.ai</database>
	</source>
	<size>
		<width>416</width>
		<height>416</height>
		<depth>3</depth>
	</size>
	<segmented>0</segmented>
	<object>
		<name>masked</name>
		<pose>Unspecified</pose>
		<truncated>0</truncated>
		<difficult>0</difficult>
		<occluded>0</occluded>
		<bndbox>
			<xmin>17</xmin>
			<xmax>327</xmax>
			<ymin>28</ymin>
			<ymax>330</ymax>
		</bndbox>
	</object>
</annotation>
