<annotation>
	<folder></folder>
	<filename>0343_jpg.rf.5c43a5d8686857a26bebe1e7c77a352d.jpg</filename>
	<path>0343_jpg.rf.5c43a5d8686857a26bebe1e7c77a352d.jpg</path>
	<source>
		<database>roboflow.ai</database>
	</source>
	<size>
		<width>416</width>
		<height>416</height>
		<depth>3</depth>
	</size>
	<segmented>0</segmented>
	<object>
		<name>masked</name>
		<pose>Unspecified</pose>
		<truncated>0</truncated>
		<difficult>0</difficult>
		<occluded>0</occluded>
		<bndbox>
			<xmin>126</xmin>
			<xmax>270</xmax>
			<ymin>30</ymin>
			<ymax>277</ymax>
		</bndbox>
	</object>
</annotation>
