<annotation>
	<folder></folder>
	<filename>0367_png.rf.bb310ae43d6f9b629673544e6210384f.jpg</filename>
	<path>0367_png.rf.bb310ae43d6f9b629673544e6210384f.jpg</path>
	<source>
		<database>roboflow.ai</database>
	</source>
	<size>
		<width>416</width>
		<height>416</height>
		<depth>3</depth>
	</size>
	<segmented>0</segmented>
	<object>
		<name>masked</name>
		<pose>Unspecified</pose>
		<truncated>0</truncated>
		<difficult>0</difficult>
		<occluded>0</occluded>
		<bndbox>
			<xmin>83</xmin>
			<xmax>366</xmax>
			<ymin>31</ymin>
			<ymax>416</ymax>
		</bndbox>
	</object>
</annotation>
