<annotation>
	<folder></folder>
	<filename>0372_jpg.rf.a3985c159cd0432f0cabc3cdda7d12ff.jpg</filename>
	<path>0372_jpg.rf.a3985c159cd0432f0cabc3cdda7d12ff.jpg</path>
	<source>
		<database>roboflow.ai</database>
	</source>
	<size>
		<width>416</width>
		<height>416</height>
		<depth>3</depth>
	</size>
	<segmented>0</segmented>
	<object>
		<name>masked</name>
		<pose>Unspecified</pose>
		<truncated>0</truncated>
		<difficult>0</difficult>
		<occluded>0</occluded>
		<bndbox>
			<xmin>12</xmin>
			<xmax>378</xmax>
			<ymin>52</ymin>
			<ymax>402</ymax>
		</bndbox>
	</object>
</annotation>
