<annotation>
	<folder></folder>
	<filename>0376_png.rf.4bfa46931c1f8afc25640098d863d884.jpg</filename>
	<path>0376_png.rf.4bfa46931c1f8afc25640098d863d884.jpg</path>
	<source>
		<database>roboflow.ai</database>
	</source>
	<size>
		<width>416</width>
		<height>416</height>
		<depth>3</depth>
	</size>
	<segmented>0</segmented>
	<object>
		<name>masked</name>
		<pose>Unspecified</pose>
		<truncated>0</truncated>
		<difficult>0</difficult>
		<occluded>0</occluded>
		<bndbox>
			<xmin>61</xmin>
			<xmax>368</xmax>
			<ymin>62</ymin>
			<ymax>404</ymax>
		</bndbox>
	</object>
</annotation>
