<annotation>
	<folder></folder>
	<filename>0384_jpg.rf.f4c1209f82e78e31e3481ac3656f0079.jpg</filename>
	<path>0384_jpg.rf.f4c1209f82e78e31e3481ac3656f0079.jpg</path>
	<source>
		<database>roboflow.ai</database>
	</source>
	<size>
		<width>416</width>
		<height>416</height>
		<depth>3</depth>
	</size>
	<segmented>0</segmented>
	<object>
		<name>masked</name>
		<pose>Unspecified</pose>
		<truncated>0</truncated>
		<difficult>0</difficult>
		<occluded>0</occluded>
		<bndbox>
			<xmin>58</xmin>
			<xmax>347</xmax>
			<ymin>44</ymin>
			<ymax>417</ymax>
		</bndbox>
	</object>
</annotation>
