<annotation>
	<folder></folder>
	<filename>0385_jpg.rf.6b9228ebc410d4b40fa395a217d5dea3.jpg</filename>
	<path>0385_jpg.rf.6b9228ebc410d4b40fa395a217d5dea3.jpg</path>
	<source>
		<database>roboflow.ai</database>
	</source>
	<size>
		<width>416</width>
		<height>416</height>
		<depth>3</depth>
	</size>
	<segmented>0</segmented>
	<object>
		<name>masked</name>
		<pose>Unspecified</pose>
		<truncated>0</truncated>
		<difficult>0</difficult>
		<occluded>0</occluded>
		<bndbox>
			<xmin>121</xmin>
			<xmax>267</xmax>
			<ymin>35</ymin>
			<ymax>317</ymax>
		</bndbox>
	</object>
</annotation>
