<annotation>
	<folder></folder>
	<filename>0387_png.rf.e72e65cf926cd8d62ce63f947c6ec4ac.jpg</filename>
	<path>0387_png.rf.e72e65cf926cd8d62ce63f947c6ec4ac.jpg</path>
	<source>
		<database>roboflow.ai</database>
	</source>
	<size>
		<width>416</width>
		<height>416</height>
		<depth>3</depth>
	</size>
	<segmented>0</segmented>
	<object>
		<name>masked</name>
		<pose>Unspecified</pose>
		<truncated>0</truncated>
		<difficult>0</difficult>
		<occluded>0</occluded>
		<bndbox>
			<xmin>62</xmin>
			<xmax>296</xmax>
			<ymin>56</ymin>
			<ymax>385</ymax>
		</bndbox>
	</object>
</annotation>
