<annotation>
	<folder></folder>
	<filename>0414_jpg.rf.c5e4e871d2b9937ad3c1c1faa3fe5eb0.jpg</filename>
	<path>0414_jpg.rf.c5e4e871d2b9937ad3c1c1faa3fe5eb0.jpg</path>
	<source>
		<database>roboflow.ai</database>
	</source>
	<size>
		<width>416</width>
		<height>416</height>
		<depth>3</depth>
	</size>
	<segmented>0</segmented>
	<object>
		<name>masked</name>
		<pose>Unspecified</pose>
		<truncated>0</truncated>
		<difficult>0</difficult>
		<occluded>0</occluded>
		<bndbox>
			<xmin>78</xmin>
			<xmax>285</xmax>
			<ymin>22</ymin>
			<ymax>226</ymax>
		</bndbox>
	</object>
</annotation>
