<annotation>
	<folder></folder>
	<filename>0415_jpg.rf.d63ed7ee8d7af17e4597be40362539bc.jpg</filename>
	<path>0415_jpg.rf.d63ed7ee8d7af17e4597be40362539bc.jpg</path>
	<source>
		<database>roboflow.ai</database>
	</source>
	<size>
		<width>416</width>
		<height>416</height>
		<depth>3</depth>
	</size>
	<segmented>0</segmented>
	<object>
		<name>masked</name>
		<pose>Unspecified</pose>
		<truncated>0</truncated>
		<difficult>0</difficult>
		<occluded>0</occluded>
		<bndbox>
			<xmin>89</xmin>
			<xmax>216</xmax>
			<ymin>52</ymin>
			<ymax>286</ymax>
		</bndbox>
	</object>
</annotation>
