<annotation>
	<folder></folder>
	<filename>0417_jpg.rf.35f41093d275dce037515e07e224f0b2.jpg</filename>
	<path>0417_jpg.rf.35f41093d275dce037515e07e224f0b2.jpg</path>
	<source>
		<database>roboflow.ai</database>
	</source>
	<size>
		<width>416</width>
		<height>416</height>
		<depth>3</depth>
	</size>
	<segmented>0</segmented>
	<object>
		<name>masked</name>
		<pose>Unspecified</pose>
		<truncated>0</truncated>
		<difficult>0</difficult>
		<occluded>0</occluded>
		<bndbox>
			<xmin>48</xmin>
			<xmax>331</xmax>
			<ymin>42</ymin>
			<ymax>313</ymax>
		</bndbox>
	</object>
</annotation>
