<annotation>
	<folder></folder>
	<filename>0418_jpg.rf.5a085a2034866504651cd2d75533a37d.jpg</filename>
	<path>0418_jpg.rf.5a085a2034866504651cd2d75533a37d.jpg</path>
	<source>
		<database>roboflow.ai</database>
	</source>
	<size>
		<width>416</width>
		<height>416</height>
		<depth>3</depth>
	</size>
	<segmented>0</segmented>
	<object>
		<name>masked</name>
		<pose>Unspecified</pose>
		<truncated>0</truncated>
		<difficult>0</difficult>
		<occluded>0</occluded>
		<bndbox>
			<xmin>102</xmin>
			<xmax>274</xmax>
			<ymin>78</ymin>
			<ymax>330</ymax>
		</bndbox>
	</object>
</annotation>
