<annotation>
	<folder></folder>
	<filename>0420_jpeg.rf.0fe5f92b5294f9ae0e97ffcfff77a719.jpg</filename>
	<path>0420_jpeg.rf.0fe5f92b5294f9ae0e97ffcfff77a719.jpg</path>
	<source>
		<database>roboflow.ai</database>
	</source>
	<size>
		<width>416</width>
		<height>416</height>
		<depth>3</depth>
	</size>
	<segmented>0</segmented>
	<object>
		<name>masked</name>
		<pose>Unspecified</pose>
		<truncated>0</truncated>
		<difficult>0</difficult>
		<occluded>0</occluded>
		<bndbox>
			<xmin>189</xmin>
			<xmax>265</xmax>
			<ymin>22</ymin>
			<ymax>171</ymax>
		</bndbox>
	</object>
</annotation>
