<annotation>
	<folder></folder>
	<filename>0421_jpg.rf.a3b9777a001b28bdb67e1f9e9948e2f9.jpg</filename>
	<path>0421_jpg.rf.a3b9777a001b28bdb67e1f9e9948e2f9.jpg</path>
	<source>
		<database>roboflow.ai</database>
	</source>
	<size>
		<width>416</width>
		<height>416</height>
		<depth>3</depth>
	</size>
	<segmented>0</segmented>
	<object>
		<name>masked</name>
		<pose>Unspecified</pose>
		<truncated>0</truncated>
		<difficult>0</difficult>
		<occluded>0</occluded>
		<bndbox>
			<xmin>158</xmin>
			<xmax>313</xmax>
			<ymin>1</ymin>
			<ymax>260</ymax>
		</bndbox>
	</object>
</annotation>
