<annotation>
	<folder></folder>
	<filename>0427_jpg.rf.6cb191275bcd6db49328ab74c5a96471.jpg</filename>
	<path>0427_jpg.rf.6cb191275bcd6db49328ab74c5a96471.jpg</path>
	<source>
		<database>roboflow.ai</database>
	</source>
	<size>
		<width>416</width>
		<height>416</height>
		<depth>3</depth>
	</size>
	<segmented>0</segmented>
	<object>
		<name>masked</name>
		<pose>Unspecified</pose>
		<truncated>0</truncated>
		<difficult>0</difficult>
		<occluded>0</occluded>
		<bndbox>
			<xmin>79</xmin>
			<xmax>340</xmax>
			<ymin>100</ymin>
			<ymax>319</ymax>
		</bndbox>
	</object>
</annotation>
