<annotation>
	<folder></folder>
	<filename>0451_jpg.rf.92aed08627f39c52acd3af1ec80ac664.jpg</filename>
	<path>0451_jpg.rf.92aed08627f39c52acd3af1ec80ac664.jpg</path>
	<source>
		<database>roboflow.ai</database>
	</source>
	<size>
		<width>416</width>
		<height>416</height>
		<depth>3</depth>
	</size>
	<segmented>0</segmented>
	<object>
		<name>masked</name>
		<pose>Unspecified</pose>
		<truncated>0</truncated>
		<difficult>0</difficult>
		<occluded>0</occluded>
		<bndbox>
			<xmin>79</xmin>
			<xmax>265</xmax>
			<ymin>61</ymin>
			<ymax>270</ymax>
		</bndbox>
	</object>
</annotation>
