<annotation>
	<folder></folder>
	<filename>0466_jpg.rf.5e25e741c7e27733e0ac5438cb10fc4c.jpg</filename>
	<path>0466_jpg.rf.5e25e741c7e27733e0ac5438cb10fc4c.jpg</path>
	<source>
		<database>roboflow.ai</database>
	</source>
	<size>
		<width>416</width>
		<height>416</height>
		<depth>3</depth>
	</size>
	<segmented>0</segmented>
	<object>
		<name>masked</name>
		<pose>Unspecified</pose>
		<truncated>0</truncated>
		<difficult>0</difficult>
		<occluded>0</occluded>
		<bndbox>
			<xmin>122</xmin>
			<xmax>259</xmax>
			<ymin>144</ymin>
			<ymax>348</ymax>
		</bndbox>
	</object>
</annotation>
