<annotation>
	<folder></folder>
	<filename>0469_jpg.rf.570dc3af92041ddf655246ae485465be.jpg</filename>
	<path>0469_jpg.rf.570dc3af92041ddf655246ae485465be.jpg</path>
	<source>
		<database>roboflow.ai</database>
	</source>
	<size>
		<width>416</width>
		<height>416</height>
		<depth>3</depth>
	</size>
	<segmented>0</segmented>
	<object>
		<name>masked</name>
		<pose>Unspecified</pose>
		<truncated>0</truncated>
		<difficult>0</difficult>
		<occluded>0</occluded>
		<bndbox>
			<xmin>105</xmin>
			<xmax>292</xmax>
			<ymin>123</ymin>
			<ymax>404</ymax>
		</bndbox>
	</object>
</annotation>
