<annotation>
	<folder></folder>
	<filename>0470_jpg.rf.c450393fb13bdb575918d9038175fc01.jpg</filename>
	<path>0470_jpg.rf.c450393fb13bdb575918d9038175fc01.jpg</path>
	<source>
		<database>roboflow.ai</database>
	</source>
	<size>
		<width>416</width>
		<height>416</height>
		<depth>3</depth>
	</size>
	<segmented>0</segmented>
	<object>
		<name>masked</name>
		<pose>Unspecified</pose>
		<truncated>0</truncated>
		<difficult>0</difficult>
		<occluded>0</occluded>
		<bndbox>
			<xmin>26</xmin>
			<xmax>249</xmax>
			<ymin>18</ymin>
			<ymax>202</ymax>
		</bndbox>
	</object>
</annotation>
