<annotation>
	<folder></folder>
	<filename>0481_jpg.rf.3eca01e229d00a537ab47d2ffd3611a8.jpg</filename>
	<path>0481_jpg.rf.3eca01e229d00a537ab47d2ffd3611a8.jpg</path>
	<source>
		<database>roboflow.ai</database>
	</source>
	<size>
		<width>416</width>
		<height>416</height>
		<depth>3</depth>
	</size>
	<segmented>0</segmented>
	<object>
		<name>masked</name>
		<pose>Unspecified</pose>
		<truncated>0</truncated>
		<difficult>0</difficult>
		<occluded>0</occluded>
		<bndbox>
			<xmin>180</xmin>
			<xmax>314</xmax>
			<ymin>40</ymin>
			<ymax>198</ymax>
		</bndbox>
	</object>
</annotation>
