<annotation>
	<folder></folder>
	<filename>0482_jpg.rf.4326f4c4b0ebe36cfd9d77c7f4977556.jpg</filename>
	<path>0482_jpg.rf.4326f4c4b0ebe36cfd9d77c7f4977556.jpg</path>
	<source>
		<database>roboflow.ai</database>
	</source>
	<size>
		<width>416</width>
		<height>416</height>
		<depth>3</depth>
	</size>
	<segmented>0</segmented>
	<object>
		<name>masked</name>
		<pose>Unspecified</pose>
		<truncated>0</truncated>
		<difficult>0</difficult>
		<occluded>0</occluded>
		<bndbox>
			<xmin>73</xmin>
			<xmax>327</xmax>
			<ymin>88</ymin>
			<ymax>278</ymax>
		</bndbox>
	</object>
</annotation>
