<annotation>
	<folder></folder>
	<filename>0486_jpg.rf.ba9dfd3494076dcf010640e7122d6eaf.jpg</filename>
	<path>0486_jpg.rf.ba9dfd3494076dcf010640e7122d6eaf.jpg</path>
	<source>
		<database>roboflow.ai</database>
	</source>
	<size>
		<width>416</width>
		<height>416</height>
		<depth>3</depth>
	</size>
	<segmented>0</segmented>
	<object>
		<name>masked</name>
		<pose>Unspecified</pose>
		<truncated>0</truncated>
		<difficult>0</difficult>
		<occluded>0</occluded>
		<bndbox>
			<xmin>32</xmin>
			<xmax>203</xmax>
			<ymin>50</ymin>
			<ymax>410</ymax>
		</bndbox>
	</object>
</annotation>
