<annotation>
	<folder></folder>
	<filename>0488_jpg.rf.ff435f56a92b05cf7b7e15b68e71104e.jpg</filename>
	<path>0488_jpg.rf.ff435f56a92b05cf7b7e15b68e71104e.jpg</path>
	<source>
		<database>roboflow.ai</database>
	</source>
	<size>
		<width>416</width>
		<height>416</height>
		<depth>3</depth>
	</size>
	<segmented>0</segmented>
	<object>
		<name>masked</name>
		<pose>Unspecified</pose>
		<truncated>0</truncated>
		<difficult>0</difficult>
		<occluded>0</occluded>
		<bndbox>
			<xmin>62</xmin>
			<xmax>369</xmax>
			<ymin>75</ymin>
			<ymax>352</ymax>
		</bndbox>
	</object>
</annotation>
