<annotation>
	<folder></folder>
	<filename>0493_jpg.rf.f913a212e6650f5c726c1c8dfb778587.jpg</filename>
	<path>0493_jpg.rf.f913a212e6650f5c726c1c8dfb778587.jpg</path>
	<source>
		<database>roboflow.ai</database>
	</source>
	<size>
		<width>416</width>
		<height>416</height>
		<depth>3</depth>
	</size>
	<segmented>0</segmented>
	<object>
		<name>masked</name>
		<pose>Unspecified</pose>
		<truncated>0</truncated>
		<difficult>0</difficult>
		<occluded>0</occluded>
		<bndbox>
			<xmin>94</xmin>
			<xmax>316</xmax>
			<ymin>74</ymin>
			<ymax>364</ymax>
		</bndbox>
	</object>
</annotation>
