<annotation>
	<folder></folder>
	<filename>0498_jpg.rf.7b50007ba0582c59f1c6f218f7686f0e.jpg</filename>
	<path>0498_jpg.rf.7b50007ba0582c59f1c6f218f7686f0e.jpg</path>
	<source>
		<database>roboflow.ai</database>
	</source>
	<size>
		<width>416</width>
		<height>416</height>
		<depth>3</depth>
	</size>
	<segmented>0</segmented>
	<object>
		<name>masked</name>
		<pose>Unspecified</pose>
		<truncated>0</truncated>
		<difficult>0</difficult>
		<occluded>0</occluded>
		<bndbox>
			<xmin>219</xmin>
			<xmax>417</xmax>
			<ymin>51</ymin>
			<ymax>265</ymax>
		</bndbox>
	</object>
</annotation>
