<annotation>
	<folder></folder>
	<filename>0499_jpg.rf.11b24b02ce8a273a8e679ba82e327824.jpg</filename>
	<path>0499_jpg.rf.11b24b02ce8a273a8e679ba82e327824.jpg</path>
	<source>
		<database>roboflow.ai</database>
	</source>
	<size>
		<width>416</width>
		<height>416</height>
		<depth>3</depth>
	</size>
	<segmented>0</segmented>
	<object>
		<name>masked</name>
		<pose>Unspecified</pose>
		<truncated>0</truncated>
		<difficult>0</difficult>
		<occluded>0</occluded>
		<bndbox>
			<xmin>126</xmin>
			<xmax>307</xmax>
			<ymin>37</ymin>
			<ymax>273</ymax>
		</bndbox>
	</object>
</annotation>
