<annotation>
	<folder></folder>
	<filename>0502_png.rf.31274e00027da21b2dd84064c331a91a.jpg</filename>
	<path>0502_png.rf.31274e00027da21b2dd84064c331a91a.jpg</path>
	<source>
		<database>roboflow.ai</database>
	</source>
	<size>
		<width>416</width>
		<height>416</height>
		<depth>3</depth>
	</size>
	<segmented>0</segmented>
	<object>
		<name>masked</name>
		<pose>Unspecified</pose>
		<truncated>0</truncated>
		<difficult>0</difficult>
		<occluded>0</occluded>
		<bndbox>
			<xmin>98</xmin>
			<xmax>317</xmax>
			<ymin>33</ymin>
			<ymax>336</ymax>
		</bndbox>
	</object>
</annotation>
