<annotation>
	<folder></folder>
	<filename>0503_png.rf.5d781ba6f313b05f65c86ed4716e1910.jpg</filename>
	<path>0503_png.rf.5d781ba6f313b05f65c86ed4716e1910.jpg</path>
	<source>
		<database>roboflow.ai</database>
	</source>
	<size>
		<width>416</width>
		<height>416</height>
		<depth>3</depth>
	</size>
	<segmented>0</segmented>
	<object>
		<name>masked</name>
		<pose>Unspecified</pose>
		<truncated>0</truncated>
		<difficult>0</difficult>
		<occluded>0</occluded>
		<bndbox>
			<xmin>137</xmin>
			<xmax>333</xmax>
			<ymin>52</ymin>
			<ymax>400</ymax>
		</bndbox>
	</object>
</annotation>
