<annotation>
	<folder></folder>
	<filename>0505_jpg.rf.3c7ea499b6730d1cb7c494bdcee758ae.jpg</filename>
	<path>0505_jpg.rf.3c7ea499b6730d1cb7c494bdcee758ae.jpg</path>
	<source>
		<database>roboflow.ai</database>
	</source>
	<size>
		<width>416</width>
		<height>416</height>
		<depth>3</depth>
	</size>
	<segmented>0</segmented>
	<object>
		<name>masked</name>
		<pose>Unspecified</pose>
		<truncated>0</truncated>
		<difficult>0</difficult>
		<occluded>0</occluded>
		<bndbox>
			<xmin>151</xmin>
			<xmax>268</xmax>
			<ymin>50</ymin>
			<ymax>316</ymax>
		</bndbox>
	</object>
</annotation>
