<annotation>
	<folder></folder>
	<filename>0506_jpg.rf.40400ef32be87c6c730b7ed287506faa.jpg</filename>
	<path>0506_jpg.rf.40400ef32be87c6c730b7ed287506faa.jpg</path>
	<source>
		<database>roboflow.ai</database>
	</source>
	<size>
		<width>416</width>
		<height>416</height>
		<depth>3</depth>
	</size>
	<segmented>0</segmented>
	<object>
		<name>masked</name>
		<pose>Unspecified</pose>
		<truncated>0</truncated>
		<difficult>0</difficult>
		<occluded>0</occluded>
		<bndbox>
			<xmin>32</xmin>
			<xmax>264</xmax>
			<ymin>39</ymin>
			<ymax>179</ymax>
		</bndbox>
	</object>
</annotation>
