<annotation>
	<folder></folder>
	<filename>0515_png.rf.dde413d9a9b45d20b737ef07cae6c834.jpg</filename>
	<path>0515_png.rf.dde413d9a9b45d20b737ef07cae6c834.jpg</path>
	<source>
		<database>roboflow.ai</database>
	</source>
	<size>
		<width>416</width>
		<height>416</height>
		<depth>3</depth>
	</size>
	<segmented>0</segmented>
	<object>
		<name>masked</name>
		<pose>Unspecified</pose>
		<truncated>0</truncated>
		<difficult>0</difficult>
		<occluded>0</occluded>
		<bndbox>
			<xmin>85</xmin>
			<xmax>417</xmax>
			<ymin>41</ymin>
			<ymax>416</ymax>
		</bndbox>
	</object>
</annotation>
