<annotation>
	<folder></folder>
	<filename>0536_jpg.rf.25c97ed6db1a535e05a85bebdcc0247a.jpg</filename>
	<path>0536_jpg.rf.25c97ed6db1a535e05a85bebdcc0247a.jpg</path>
	<source>
		<database>roboflow.ai</database>
	</source>
	<size>
		<width>416</width>
		<height>416</height>
		<depth>3</depth>
	</size>
	<segmented>0</segmented>
	<object>
		<name>masked</name>
		<pose>Unspecified</pose>
		<truncated>0</truncated>
		<difficult>0</difficult>
		<occluded>0</occluded>
		<bndbox>
			<xmin>80</xmin>
			<xmax>355</xmax>
			<ymin>25</ymin>
			<ymax>329</ymax>
		</bndbox>
	</object>
</annotation>
