<annotation>
	<folder></folder>
	<filename>0544_jpg.rf.0493bdc1283a885b3e674feeb254c089.jpg</filename>
	<path>0544_jpg.rf.0493bdc1283a885b3e674feeb254c089.jpg</path>
	<source>
		<database>roboflow.ai</database>
	</source>
	<size>
		<width>416</width>
		<height>416</height>
		<depth>3</depth>
	</size>
	<segmented>0</segmented>
	<object>
		<name>masked</name>
		<pose>Unspecified</pose>
		<truncated>0</truncated>
		<difficult>0</difficult>
		<occluded>0</occluded>
		<bndbox>
			<xmin>44</xmin>
			<xmax>218</xmax>
			<ymin>17</ymin>
			<ymax>330</ymax>
		</bndbox>
	</object>
</annotation>
