<annotation>
	<folder></folder>
	<filename>0545_jpg.rf.44b282ae96cec592e7b307277debc055.jpg</filename>
	<path>0545_jpg.rf.44b282ae96cec592e7b307277debc055.jpg</path>
	<source>
		<database>roboflow.ai</database>
	</source>
	<size>
		<width>416</width>
		<height>416</height>
		<depth>3</depth>
	</size>
	<segmented>0</segmented>
	<object>
		<name>masked</name>
		<pose>Unspecified</pose>
		<truncated>0</truncated>
		<difficult>0</difficult>
		<occluded>0</occluded>
		<bndbox>
			<xmin>98</xmin>
			<xmax>296</xmax>
			<ymin>45</ymin>
			<ymax>312</ymax>
		</bndbox>
	</object>
</annotation>
