<annotation>
	<folder></folder>
	<filename>0547_jpg.rf.a9f3773e086ce3eaec17290bb59290c4.jpg</filename>
	<path>0547_jpg.rf.a9f3773e086ce3eaec17290bb59290c4.jpg</path>
	<source>
		<database>roboflow.ai</database>
	</source>
	<size>
		<width>416</width>
		<height>416</height>
		<depth>3</depth>
	</size>
	<segmented>0</segmented>
	<object>
		<name>masked</name>
		<pose>Unspecified</pose>
		<truncated>0</truncated>
		<difficult>0</difficult>
		<occluded>0</occluded>
		<bndbox>
			<xmin>78</xmin>
			<xmax>317</xmax>
			<ymin>34</ymin>
			<ymax>255</ymax>
		</bndbox>
	</object>
</annotation>
