<annotation>
	<folder></folder>
	<filename>0558_jpg.rf.e22f6020787739891647eca6e22b3360.jpg</filename>
	<path>0558_jpg.rf.e22f6020787739891647eca6e22b3360.jpg</path>
	<source>
		<database>roboflow.ai</database>
	</source>
	<size>
		<width>416</width>
		<height>416</height>
		<depth>3</depth>
	</size>
	<segmented>0</segmented>
	<object>
		<name>masked</name>
		<pose>Unspecified</pose>
		<truncated>0</truncated>
		<difficult>0</difficult>
		<occluded>0</occluded>
		<bndbox>
			<xmin>100</xmin>
			<xmax>317</xmax>
			<ymin>47</ymin>
			<ymax>247</ymax>
		</bndbox>
	</object>
</annotation>
