<annotation>
	<folder></folder>
	<filename>0559_jpg.rf.58a8b409939b15a4287daad8b7bdc076.jpg</filename>
	<path>0559_jpg.rf.58a8b409939b15a4287daad8b7bdc076.jpg</path>
	<source>
		<database>roboflow.ai</database>
	</source>
	<size>
		<width>416</width>
		<height>416</height>
		<depth>3</depth>
	</size>
	<segmented>0</segmented>
	<object>
		<name>masked</name>
		<pose>Unspecified</pose>
		<truncated>0</truncated>
		<difficult>0</difficult>
		<occluded>0</occluded>
		<bndbox>
			<xmin>103</xmin>
			<xmax>308</xmax>
			<ymin>4</ymin>
			<ymax>341</ymax>
		</bndbox>
	</object>
</annotation>
