<annotation>
	<folder></folder>
	<filename>0561_jpg.rf.ad66d7a4f548b340451364ed3f430547.jpg</filename>
	<path>0561_jpg.rf.ad66d7a4f548b340451364ed3f430547.jpg</path>
	<source>
		<database>roboflow.ai</database>
	</source>
	<size>
		<width>416</width>
		<height>416</height>
		<depth>3</depth>
	</size>
	<segmented>0</segmented>
	<object>
		<name>masked</name>
		<pose>Unspecified</pose>
		<truncated>0</truncated>
		<difficult>0</difficult>
		<occluded>0</occluded>
		<bndbox>
			<xmin>53</xmin>
			<xmax>267</xmax>
			<ymin>19</ymin>
			<ymax>280</ymax>
		</bndbox>
	</object>
</annotation>
