<annotation>
	<folder></folder>
	<filename>0566_jpg.rf.04650cc60bd48b0094a6aba8828cd445.jpg</filename>
	<path>0566_jpg.rf.04650cc60bd48b0094a6aba8828cd445.jpg</path>
	<source>
		<database>roboflow.ai</database>
	</source>
	<size>
		<width>416</width>
		<height>416</height>
		<depth>3</depth>
	</size>
	<segmented>0</segmented>
	<object>
		<name>masked</name>
		<pose>Unspecified</pose>
		<truncated>0</truncated>
		<difficult>0</difficult>
		<occluded>0</occluded>
		<bndbox>
			<xmin>64</xmin>
			<xmax>259</xmax>
			<ymin>62</ymin>
			<ymax>323</ymax>
		</bndbox>
	</object>
</annotation>
