<annotation>
	<folder></folder>
	<filename>0577_jpg.rf.015aa00e37cd3538d9367b7a655169d5.jpg</filename>
	<path>0577_jpg.rf.015aa00e37cd3538d9367b7a655169d5.jpg</path>
	<source>
		<database>roboflow.ai</database>
	</source>
	<size>
		<width>416</width>
		<height>416</height>
		<depth>3</depth>
	</size>
	<segmented>0</segmented>
	<object>
		<name>masked</name>
		<pose>Unspecified</pose>
		<truncated>0</truncated>
		<difficult>0</difficult>
		<occluded>0</occluded>
		<bndbox>
			<xmin>65</xmin>
			<xmax>336</xmax>
			<ymin>50</ymin>
			<ymax>341</ymax>
		</bndbox>
	</object>
</annotation>
