<annotation>
	<folder></folder>
	<filename>0582_jpg.rf.519cc8d01f717b74820f71985563f888.jpg</filename>
	<path>0582_jpg.rf.519cc8d01f717b74820f71985563f888.jpg</path>
	<source>
		<database>roboflow.ai</database>
	</source>
	<size>
		<width>416</width>
		<height>416</height>
		<depth>3</depth>
	</size>
	<segmented>0</segmented>
	<object>
		<name>masked</name>
		<pose>Unspecified</pose>
		<truncated>0</truncated>
		<difficult>0</difficult>
		<occluded>0</occluded>
		<bndbox>
			<xmin>87</xmin>
			<xmax>325</xmax>
			<ymin>39</ymin>
			<ymax>403</ymax>
		</bndbox>
	</object>
</annotation>
