<annotation>
	<folder></folder>
	<filename>0583_jpg.rf.92c8a729bb8b8c94259269dc36be104c.jpg</filename>
	<path>0583_jpg.rf.92c8a729bb8b8c94259269dc36be104c.jpg</path>
	<source>
		<database>roboflow.ai</database>
	</source>
	<size>
		<width>416</width>
		<height>416</height>
		<depth>3</depth>
	</size>
	<segmented>0</segmented>
	<object>
		<name>masked</name>
		<pose>Unspecified</pose>
		<truncated>0</truncated>
		<difficult>0</difficult>
		<occluded>0</occluded>
		<bndbox>
			<xmin>105</xmin>
			<xmax>239</xmax>
			<ymin>43</ymin>
			<ymax>238</ymax>
		</bndbox>
	</object>
</annotation>
