<annotation>
	<folder></folder>
	<filename>0592_jpg.rf.3f226dd094ab0d07ce203589c014f1c0.jpg</filename>
	<path>0592_jpg.rf.3f226dd094ab0d07ce203589c014f1c0.jpg</path>
	<source>
		<database>roboflow.ai</database>
	</source>
	<size>
		<width>416</width>
		<height>416</height>
		<depth>3</depth>
	</size>
	<segmented>0</segmented>
	<object>
		<name>masked</name>
		<pose>Unspecified</pose>
		<truncated>0</truncated>
		<difficult>0</difficult>
		<occluded>0</occluded>
		<bndbox>
			<xmin>166</xmin>
			<xmax>391</xmax>
			<ymin>17</ymin>
			<ymax>335</ymax>
		</bndbox>
	</object>
</annotation>
