<annotation>
	<folder></folder>
	<filename>0614_jpg.rf.8c72b88be3e797e6b25e475034c13f87.jpg</filename>
	<path>0614_jpg.rf.8c72b88be3e797e6b25e475034c13f87.jpg</path>
	<source>
		<database>roboflow.ai</database>
	</source>
	<size>
		<width>416</width>
		<height>416</height>
		<depth>3</depth>
	</size>
	<segmented>0</segmented>
	<object>
		<name>masked</name>
		<pose>Unspecified</pose>
		<truncated>0</truncated>
		<difficult>0</difficult>
		<occluded>0</occluded>
		<bndbox>
			<xmin>87</xmin>
			<xmax>307</xmax>
			<ymin>88</ymin>
			<ymax>338</ymax>
		</bndbox>
	</object>
</annotation>
