<annotation>
	<folder></folder>
	<filename>0626_jpg.rf.274a36a5750a6a5237b5fed2120bf11b.jpg</filename>
	<path>0626_jpg.rf.274a36a5750a6a5237b5fed2120bf11b.jpg</path>
	<source>
		<database>roboflow.ai</database>
	</source>
	<size>
		<width>416</width>
		<height>416</height>
		<depth>3</depth>
	</size>
	<segmented>0</segmented>
	<object>
		<name>masked</name>
		<pose>Unspecified</pose>
		<truncated>0</truncated>
		<difficult>0</difficult>
		<occluded>0</occluded>
		<bndbox>
			<xmin>110</xmin>
			<xmax>296</xmax>
			<ymin>62</ymin>
			<ymax>329</ymax>
		</bndbox>
	</object>
</annotation>
