<annotation>
	<folder></folder>
	<filename>0638_jpg.rf.cd77d693fd02128458444427215be311.jpg</filename>
	<path>0638_jpg.rf.cd77d693fd02128458444427215be311.jpg</path>
	<source>
		<database>roboflow.ai</database>
	</source>
	<size>
		<width>416</width>
		<height>416</height>
		<depth>3</depth>
	</size>
	<segmented>0</segmented>
	<object>
		<name>masked</name>
		<pose>Unspecified</pose>
		<truncated>0</truncated>
		<difficult>0</difficult>
		<occluded>0</occluded>
		<bndbox>
			<xmin>141</xmin>
			<xmax>255</xmax>
			<ymin>63</ymin>
			<ymax>308</ymax>
		</bndbox>
	</object>
</annotation>
