<annotation>
	<folder></folder>
	<filename>0639_jpg.rf.a9c0e5fa73070068156fe6277f26aded.jpg</filename>
	<path>0639_jpg.rf.a9c0e5fa73070068156fe6277f26aded.jpg</path>
	<source>
		<database>roboflow.ai</database>
	</source>
	<size>
		<width>416</width>
		<height>416</height>
		<depth>3</depth>
	</size>
	<segmented>0</segmented>
	<object>
		<name>masked</name>
		<pose>Unspecified</pose>
		<truncated>0</truncated>
		<difficult>0</difficult>
		<occluded>0</occluded>
		<bndbox>
			<xmin>18</xmin>
			<xmax>259</xmax>
			<ymin>20</ymin>
			<ymax>384</ymax>
		</bndbox>
	</object>
</annotation>
