<annotation>
	<folder></folder>
	<filename>0644_jpg.rf.7ee1ca3835f14c4ea1597a56ced52845.jpg</filename>
	<path>0644_jpg.rf.7ee1ca3835f14c4ea1597a56ced52845.jpg</path>
	<source>
		<database>roboflow.ai</database>
	</source>
	<size>
		<width>416</width>
		<height>416</height>
		<depth>3</depth>
	</size>
	<segmented>0</segmented>
	<object>
		<name>masked</name>
		<pose>Unspecified</pose>
		<truncated>0</truncated>
		<difficult>0</difficult>
		<occluded>0</occluded>
		<bndbox>
			<xmin>110</xmin>
			<xmax>261</xmax>
			<ymin>28</ymin>
			<ymax>275</ymax>
		</bndbox>
	</object>
</annotation>
