<annotation>
	<folder></folder>
	<filename>0650_jpg.rf.1f2551965306ac1950111099d86085f3.jpg</filename>
	<path>0650_jpg.rf.1f2551965306ac1950111099d86085f3.jpg</path>
	<source>
		<database>roboflow.ai</database>
	</source>
	<size>
		<width>416</width>
		<height>416</height>
		<depth>3</depth>
	</size>
	<segmented>0</segmented>
	<object>
		<name>masked</name>
		<pose>Unspecified</pose>
		<truncated>0</truncated>
		<difficult>0</difficult>
		<occluded>0</occluded>
		<bndbox>
			<xmin>1</xmin>
			<xmax>253</xmax>
			<ymin>88</ymin>
			<ymax>408</ymax>
		</bndbox>
	</object>
</annotation>
