<annotation>
	<folder></folder>
	<filename>0655_jpg.rf.bf4f0e689200aed2fdd1a0d8fdf4abef.jpg</filename>
	<path>0655_jpg.rf.bf4f0e689200aed2fdd1a0d8fdf4abef.jpg</path>
	<source>
		<database>roboflow.ai</database>
	</source>
	<size>
		<width>416</width>
		<height>416</height>
		<depth>3</depth>
	</size>
	<segmented>0</segmented>
	<object>
		<name>masked</name>
		<pose>Unspecified</pose>
		<truncated>0</truncated>
		<difficult>0</difficult>
		<occluded>0</occluded>
		<bndbox>
			<xmin>126</xmin>
			<xmax>270</xmax>
			<ymin>52</ymin>
			<ymax>269</ymax>
		</bndbox>
	</object>
</annotation>
