<annotation>
	<folder></folder>
	<filename>0657_jpg.rf.d848ad820503c4dab71323c0b30b6980.jpg</filename>
	<path>0657_jpg.rf.d848ad820503c4dab71323c0b30b6980.jpg</path>
	<source>
		<database>roboflow.ai</database>
	</source>
	<size>
		<width>416</width>
		<height>416</height>
		<depth>3</depth>
	</size>
	<segmented>0</segmented>
	<object>
		<name>masked</name>
		<pose>Unspecified</pose>
		<truncated>0</truncated>
		<difficult>0</difficult>
		<occluded>0</occluded>
		<bndbox>
			<xmin>84</xmin>
			<xmax>339</xmax>
			<ymin>88</ymin>
			<ymax>286</ymax>
		</bndbox>
	</object>
</annotation>
