<annotation>
	<folder></folder>
	<filename>0660_jpg.rf.c7fe76ca536b225e8438fff314fd3b12.jpg</filename>
	<path>0660_jpg.rf.c7fe76ca536b225e8438fff314fd3b12.jpg</path>
	<source>
		<database>roboflow.ai</database>
	</source>
	<size>
		<width>416</width>
		<height>416</height>
		<depth>3</depth>
	</size>
	<segmented>0</segmented>
	<object>
		<name>masked</name>
		<pose>Unspecified</pose>
		<truncated>0</truncated>
		<difficult>0</difficult>
		<occluded>0</occluded>
		<bndbox>
			<xmin>108</xmin>
			<xmax>327</xmax>
			<ymin>175</ymin>
			<ymax>414</ymax>
		</bndbox>
	</object>
</annotation>
