<annotation>
	<folder></folder>
	<filename>0661_jpg.rf.baec40f3e028a78fc7af7848eb1a8f97.jpg</filename>
	<path>0661_jpg.rf.baec40f3e028a78fc7af7848eb1a8f97.jpg</path>
	<source>
		<database>roboflow.ai</database>
	</source>
	<size>
		<width>416</width>
		<height>416</height>
		<depth>3</depth>
	</size>
	<segmented>0</segmented>
	<object>
		<name>masked</name>
		<pose>Unspecified</pose>
		<truncated>0</truncated>
		<difficult>0</difficult>
		<occluded>0</occluded>
		<bndbox>
			<xmin>178</xmin>
			<xmax>360</xmax>
			<ymin>188</ymin>
			<ymax>355</ymax>
		</bndbox>
	</object>
</annotation>
