<annotation>
	<folder></folder>
	<filename>0669_jpg.rf.622b42fba3a49aa986ccfd833fdb1198.jpg</filename>
	<path>0669_jpg.rf.622b42fba3a49aa986ccfd833fdb1198.jpg</path>
	<source>
		<database>roboflow.ai</database>
	</source>
	<size>
		<width>416</width>
		<height>416</height>
		<depth>3</depth>
	</size>
	<segmented>0</segmented>
	<object>
		<name>masked</name>
		<pose>Unspecified</pose>
		<truncated>0</truncated>
		<difficult>0</difficult>
		<occluded>0</occluded>
		<bndbox>
			<xmin>121</xmin>
			<xmax>266</xmax>
			<ymin>67</ymin>
			<ymax>357</ymax>
		</bndbox>
	</object>
</annotation>
