<annotation>
	<folder></folder>
	<filename>0671_jpg.rf.f5db63eca8fe476d02b850f1424fe2de.jpg</filename>
	<path>0671_jpg.rf.f5db63eca8fe476d02b850f1424fe2de.jpg</path>
	<source>
		<database>roboflow.ai</database>
	</source>
	<size>
		<width>416</width>
		<height>416</height>
		<depth>3</depth>
	</size>
	<segmented>0</segmented>
	<object>
		<name>masked</name>
		<pose>Unspecified</pose>
		<truncated>0</truncated>
		<difficult>0</difficult>
		<occluded>0</occluded>
		<bndbox>
			<xmin>89</xmin>
			<xmax>406</xmax>
			<ymin>7</ymin>
			<ymax>311</ymax>
		</bndbox>
	</object>
</annotation>
