<annotation>
	<folder></folder>
	<filename>0676_jpg.rf.6cddfeb436528af01cf195331d5600a2.jpg</filename>
	<path>0676_jpg.rf.6cddfeb436528af01cf195331d5600a2.jpg</path>
	<source>
		<database>roboflow.ai</database>
	</source>
	<size>
		<width>416</width>
		<height>416</height>
		<depth>3</depth>
	</size>
	<segmented>0</segmented>
	<object>
		<name>masked</name>
		<pose>Unspecified</pose>
		<truncated>0</truncated>
		<difficult>0</difficult>
		<occluded>0</occluded>
		<bndbox>
			<xmin>157</xmin>
			<xmax>276</xmax>
			<ymin>63</ymin>
			<ymax>309</ymax>
		</bndbox>
	</object>
</annotation>
