<annotation>
	<folder></folder>
	<filename>0690_jpg.rf.05e65b7838503c311d6cc296f4977ac3.jpg</filename>
	<path>0690_jpg.rf.05e65b7838503c311d6cc296f4977ac3.jpg</path>
	<source>
		<database>roboflow.ai</database>
	</source>
	<size>
		<width>416</width>
		<height>416</height>
		<depth>3</depth>
	</size>
	<segmented>0</segmented>
	<object>
		<name>masked</name>
		<pose>Unspecified</pose>
		<truncated>0</truncated>
		<difficult>0</difficult>
		<occluded>0</occluded>
		<bndbox>
			<xmin>83</xmin>
			<xmax>256</xmax>
			<ymin>118</ymin>
			<ymax>413</ymax>
		</bndbox>
	</object>
</annotation>
