<annotation>
	<folder></folder>
	<filename>0693_jpg.rf.b91bdc191929158afddd823ae90af34c.jpg</filename>
	<path>0693_jpg.rf.b91bdc191929158afddd823ae90af34c.jpg</path>
	<source>
		<database>roboflow.ai</database>
	</source>
	<size>
		<width>416</width>
		<height>416</height>
		<depth>3</depth>
	</size>
	<segmented>0</segmented>
	<object>
		<name>masked</name>
		<pose>Unspecified</pose>
		<truncated>0</truncated>
		<difficult>0</difficult>
		<occluded>0</occluded>
		<bndbox>
			<xmin>150</xmin>
			<xmax>260</xmax>
			<ymin>42</ymin>
			<ymax>191</ymax>
		</bndbox>
	</object>
</annotation>
