<annotation>
	<folder></folder>
	<filename>0698_jpg.rf.618469e63e3dbd546f7c169b6d06ccdd.jpg</filename>
	<path>0698_jpg.rf.618469e63e3dbd546f7c169b6d06ccdd.jpg</path>
	<source>
		<database>roboflow.ai</database>
	</source>
	<size>
		<width>416</width>
		<height>416</height>
		<depth>3</depth>
	</size>
	<segmented>0</segmented>
	<object>
		<name>masked</name>
		<pose>Unspecified</pose>
		<truncated>0</truncated>
		<difficult>0</difficult>
		<occluded>0</occluded>
		<bndbox>
			<xmin>113</xmin>
			<xmax>297</xmax>
			<ymin>27</ymin>
			<ymax>188</ymax>
		</bndbox>
	</object>
</annotation>
