<annotation>
	<folder></folder>
	<filename>0714_jpg.rf.9ffd2a77b2e2c9afc0098e44b3aec7a4.jpg</filename>
	<path>0714_jpg.rf.9ffd2a77b2e2c9afc0098e44b3aec7a4.jpg</path>
	<source>
		<database>roboflow.ai</database>
	</source>
	<size>
		<width>416</width>
		<height>416</height>
		<depth>3</depth>
	</size>
	<segmented>0</segmented>
	<object>
		<name>masked</name>
		<pose>Unspecified</pose>
		<truncated>0</truncated>
		<difficult>0</difficult>
		<occluded>0</occluded>
		<bndbox>
			<xmin>143</xmin>
			<xmax>293</xmax>
			<ymin>68</ymin>
			<ymax>233</ymax>
		</bndbox>
	</object>
</annotation>
