<annotation>
	<folder></folder>
	<filename>0715_jpg.rf.348bb09afd1b8cab65feeaa6f07e4d79.jpg</filename>
	<path>0715_jpg.rf.348bb09afd1b8cab65feeaa6f07e4d79.jpg</path>
	<source>
		<database>roboflow.ai</database>
	</source>
	<size>
		<width>416</width>
		<height>416</height>
		<depth>3</depth>
	</size>
	<segmented>0</segmented>
	<object>
		<name>masked</name>
		<pose>Unspecified</pose>
		<truncated>0</truncated>
		<difficult>0</difficult>
		<occluded>0</occluded>
		<bndbox>
			<xmin>49</xmin>
			<xmax>369</xmax>
			<ymin>38</ymin>
			<ymax>355</ymax>
		</bndbox>
	</object>
</annotation>
