<annotation>
	<folder></folder>
	<filename>0719_jpg.rf.4a264ce3678abcc7c392db36b11e0c88.jpg</filename>
	<path>0719_jpg.rf.4a264ce3678abcc7c392db36b11e0c88.jpg</path>
	<source>
		<database>roboflow.ai</database>
	</source>
	<size>
		<width>416</width>
		<height>416</height>
		<depth>3</depth>
	</size>
	<segmented>0</segmented>
	<object>
		<name>masked</name>
		<pose>Unspecified</pose>
		<truncated>0</truncated>
		<difficult>0</difficult>
		<occluded>0</occluded>
		<bndbox>
			<xmin>152</xmin>
			<xmax>237</xmax>
			<ymin>71</ymin>
			<ymax>216</ymax>
		</bndbox>
	</object>
</annotation>
