<annotation>
	<folder></folder>
	<filename>0725_jpg.rf.053120797ea301fafcbb8802c0aedaf4.jpg</filename>
	<path>0725_jpg.rf.053120797ea301fafcbb8802c0aedaf4.jpg</path>
	<source>
		<database>roboflow.ai</database>
	</source>
	<size>
		<width>416</width>
		<height>416</height>
		<depth>3</depth>
	</size>
	<segmented>0</segmented>
	<object>
		<name>masked</name>
		<pose>Unspecified</pose>
		<truncated>0</truncated>
		<difficult>0</difficult>
		<occluded>0</occluded>
		<bndbox>
			<xmin>122</xmin>
			<xmax>272</xmax>
			<ymin>32</ymin>
			<ymax>325</ymax>
		</bndbox>
	</object>
</annotation>
