<annotation>
	<folder></folder>
	<filename>0726_jpg.rf.aa729090918798800df455b6d439becf.jpg</filename>
	<path>0726_jpg.rf.aa729090918798800df455b6d439becf.jpg</path>
	<source>
		<database>roboflow.ai</database>
	</source>
	<size>
		<width>416</width>
		<height>416</height>
		<depth>3</depth>
	</size>
	<segmented>0</segmented>
	<object>
		<name>masked</name>
		<pose>Unspecified</pose>
		<truncated>0</truncated>
		<difficult>0</difficult>
		<occluded>0</occluded>
		<bndbox>
			<xmin>110</xmin>
			<xmax>384</xmax>
			<ymin>94</ymin>
			<ymax>329</ymax>
		</bndbox>
	</object>
</annotation>
