<annotation>
	<folder></folder>
	<filename>0727_jpg.rf.8d018bc3614bcdefae08374d62e6105f.jpg</filename>
	<path>0727_jpg.rf.8d018bc3614bcdefae08374d62e6105f.jpg</path>
	<source>
		<database>roboflow.ai</database>
	</source>
	<size>
		<width>416</width>
		<height>416</height>
		<depth>3</depth>
	</size>
	<segmented>0</segmented>
	<object>
		<name>masked</name>
		<pose>Unspecified</pose>
		<truncated>0</truncated>
		<difficult>0</difficult>
		<occluded>0</occluded>
		<bndbox>
			<xmin>73</xmin>
			<xmax>296</xmax>
			<ymin>37</ymin>
			<ymax>305</ymax>
		</bndbox>
	</object>
</annotation>
