<annotation>
	<folder></folder>
	<filename>0731_jpg.rf.66641744b9ec70f04f7a5c898e80b615.jpg</filename>
	<path>0731_jpg.rf.66641744b9ec70f04f7a5c898e80b615.jpg</path>
	<source>
		<database>roboflow.ai</database>
	</source>
	<size>
		<width>416</width>
		<height>416</height>
		<depth>3</depth>
	</size>
	<segmented>0</segmented>
	<object>
		<name>masked</name>
		<pose>Unspecified</pose>
		<truncated>0</truncated>
		<difficult>0</difficult>
		<occluded>0</occluded>
		<bndbox>
			<xmin>141</xmin>
			<xmax>307</xmax>
			<ymin>21</ymin>
			<ymax>254</ymax>
		</bndbox>
	</object>
</annotation>
