<annotation>
	<folder></folder>
	<filename>0733_jpg.rf.ff17a3d741c493292e14886ed381bd34.jpg</filename>
	<path>0733_jpg.rf.ff17a3d741c493292e14886ed381bd34.jpg</path>
	<source>
		<database>roboflow.ai</database>
	</source>
	<size>
		<width>416</width>
		<height>416</height>
		<depth>3</depth>
	</size>
	<segmented>0</segmented>
	<object>
		<name>masked</name>
		<pose>Unspecified</pose>
		<truncated>0</truncated>
		<difficult>0</difficult>
		<occluded>0</occluded>
		<bndbox>
			<xmin>78</xmin>
			<xmax>329</xmax>
			<ymin>48</ymin>
			<ymax>342</ymax>
		</bndbox>
	</object>
</annotation>
