<annotation>
	<folder></folder>
	<filename>0737_jpg.rf.1a25e9c4c2abed5001e65bb1247c5c77.jpg</filename>
	<path>0737_jpg.rf.1a25e9c4c2abed5001e65bb1247c5c77.jpg</path>
	<source>
		<database>roboflow.ai</database>
	</source>
	<size>
		<width>416</width>
		<height>416</height>
		<depth>3</depth>
	</size>
	<segmented>0</segmented>
	<object>
		<name>masked</name>
		<pose>Unspecified</pose>
		<truncated>0</truncated>
		<difficult>0</difficult>
		<occluded>0</occluded>
		<bndbox>
			<xmin>37</xmin>
			<xmax>264</xmax>
			<ymin>3</ymin>
			<ymax>334</ymax>
		</bndbox>
	</object>
</annotation>
