<annotation>
	<folder></folder>
	<filename>0743_jpg.rf.197e9b11b14e9db75f14b4096ad032be.jpg</filename>
	<path>0743_jpg.rf.197e9b11b14e9db75f14b4096ad032be.jpg</path>
	<source>
		<database>roboflow.ai</database>
	</source>
	<size>
		<width>416</width>
		<height>416</height>
		<depth>3</depth>
	</size>
	<segmented>0</segmented>
	<object>
		<name>masked</name>
		<pose>Unspecified</pose>
		<truncated>0</truncated>
		<difficult>0</difficult>
		<occluded>0</occluded>
		<bndbox>
			<xmin>131</xmin>
			<xmax>357</xmax>
			<ymin>101</ymin>
			<ymax>317</ymax>
		</bndbox>
	</object>
</annotation>
