<annotation>
	<folder></folder>
	<filename>0746_jpg.rf.58dd491208d890d1b1d58bba9df14900.jpg</filename>
	<path>0746_jpg.rf.58dd491208d890d1b1d58bba9df14900.jpg</path>
	<source>
		<database>roboflow.ai</database>
	</source>
	<size>
		<width>416</width>
		<height>416</height>
		<depth>3</depth>
	</size>
	<segmented>0</segmented>
	<object>
		<name>masked</name>
		<pose>Unspecified</pose>
		<truncated>0</truncated>
		<difficult>0</difficult>
		<occluded>0</occluded>
		<bndbox>
			<xmin>183</xmin>
			<xmax>312</xmax>
			<ymin>120</ymin>
			<ymax>302</ymax>
		</bndbox>
	</object>
</annotation>
