<annotation>
	<folder></folder>
	<filename>0748_jpg.rf.8116c7d3489a39b99fcd57d895a3d231.jpg</filename>
	<path>0748_jpg.rf.8116c7d3489a39b99fcd57d895a3d231.jpg</path>
	<source>
		<database>roboflow.ai</database>
	</source>
	<size>
		<width>416</width>
		<height>416</height>
		<depth>3</depth>
	</size>
	<segmented>0</segmented>
	<object>
		<name>masked</name>
		<pose>Unspecified</pose>
		<truncated>0</truncated>
		<difficult>0</difficult>
		<occluded>0</occluded>
		<bndbox>
			<xmin>158</xmin>
			<xmax>284</xmax>
			<ymin>16</ymin>
			<ymax>317</ymax>
		</bndbox>
	</object>
</annotation>
