<annotation>
	<folder></folder>
	<filename>0750_jpg.rf.837f4918eca6676948ddbc39543de386.jpg</filename>
	<path>0750_jpg.rf.837f4918eca6676948ddbc39543de386.jpg</path>
	<source>
		<database>roboflow.ai</database>
	</source>
	<size>
		<width>416</width>
		<height>416</height>
		<depth>3</depth>
	</size>
	<segmented>0</segmented>
	<object>
		<name>masked</name>
		<pose>Unspecified</pose>
		<truncated>0</truncated>
		<difficult>0</difficult>
		<occluded>0</occluded>
		<bndbox>
			<xmin>153</xmin>
			<xmax>317</xmax>
			<ymin>1</ymin>
			<ymax>314</ymax>
		</bndbox>
	</object>
</annotation>
