<annotation>
	<folder></folder>
	<filename>0759_jpg.rf.d54e9047f63ea59f7bd3e0f9c62248ba.jpg</filename>
	<path>0759_jpg.rf.d54e9047f63ea59f7bd3e0f9c62248ba.jpg</path>
	<source>
		<database>roboflow.ai</database>
	</source>
	<size>
		<width>416</width>
		<height>416</height>
		<depth>3</depth>
	</size>
	<segmented>0</segmented>
	<object>
		<name>masked</name>
		<pose>Unspecified</pose>
		<truncated>0</truncated>
		<difficult>0</difficult>
		<occluded>0</occluded>
		<bndbox>
			<xmin>60</xmin>
			<xmax>326</xmax>
			<ymin>53</ymin>
			<ymax>381</ymax>
		</bndbox>
	</object>
</annotation>
