<annotation>
	<folder></folder>
	<filename>0760_jpg.rf.56a71c2b9217a08b3a78186640c08564.jpg</filename>
	<path>0760_jpg.rf.56a71c2b9217a08b3a78186640c08564.jpg</path>
	<source>
		<database>roboflow.ai</database>
	</source>
	<size>
		<width>416</width>
		<height>416</height>
		<depth>3</depth>
	</size>
	<segmented>0</segmented>
	<object>
		<name>masked</name>
		<pose>Unspecified</pose>
		<truncated>0</truncated>
		<difficult>0</difficult>
		<occluded>0</occluded>
		<bndbox>
			<xmin>173</xmin>
			<xmax>276</xmax>
			<ymin>125</ymin>
			<ymax>306</ymax>
		</bndbox>
	</object>
</annotation>
