<annotation>
	<folder></folder>
	<filename>0761_jpg.rf.83770b41f19d4a735a7fae231f45ea67.jpg</filename>
	<path>0761_jpg.rf.83770b41f19d4a735a7fae231f45ea67.jpg</path>
	<source>
		<database>roboflow.ai</database>
	</source>
	<size>
		<width>416</width>
		<height>416</height>
		<depth>3</depth>
	</size>
	<segmented>0</segmented>
	<object>
		<name>masked</name>
		<pose>Unspecified</pose>
		<truncated>0</truncated>
		<difficult>0</difficult>
		<occluded>0</occluded>
		<bndbox>
			<xmin>99</xmin>
			<xmax>214</xmax>
			<ymin>35</ymin>
			<ymax>314</ymax>
		</bndbox>
	</object>
</annotation>
