<annotation>
	<folder></folder>
	<filename>0763_jpg.rf.58108101c13d3682478662e01f635a83.jpg</filename>
	<path>0763_jpg.rf.58108101c13d3682478662e01f635a83.jpg</path>
	<source>
		<database>roboflow.ai</database>
	</source>
	<size>
		<width>416</width>
		<height>416</height>
		<depth>3</depth>
	</size>
	<segmented>0</segmented>
	<object>
		<name>masked</name>
		<pose>Unspecified</pose>
		<truncated>0</truncated>
		<difficult>0</difficult>
		<occluded>0</occluded>
		<bndbox>
			<xmin>7</xmin>
			<xmax>386</xmax>
			<ymin>7</ymin>
			<ymax>407</ymax>
		</bndbox>
	</object>
</annotation>
