<annotation>
	<folder></folder>
	<filename>0769_jpg.rf.3dc07dbe10a2c03955409609a317dabc.jpg</filename>
	<path>0769_jpg.rf.3dc07dbe10a2c03955409609a317dabc.jpg</path>
	<source>
		<database>roboflow.ai</database>
	</source>
	<size>
		<width>416</width>
		<height>416</height>
		<depth>3</depth>
	</size>
	<segmented>0</segmented>
	<object>
		<name>masked</name>
		<pose>Unspecified</pose>
		<truncated>0</truncated>
		<difficult>0</difficult>
		<occluded>0</occluded>
		<bndbox>
			<xmin>69</xmin>
			<xmax>173</xmax>
			<ymin>71</ymin>
			<ymax>289</ymax>
		</bndbox>
	</object>
</annotation>
