<annotation>
	<folder></folder>
	<filename>0770_jpg.rf.06df8e70a83a3f72732bb2442200e49c.jpg</filename>
	<path>0770_jpg.rf.06df8e70a83a3f72732bb2442200e49c.jpg</path>
	<source>
		<database>roboflow.ai</database>
	</source>
	<size>
		<width>416</width>
		<height>416</height>
		<depth>3</depth>
	</size>
	<segmented>0</segmented>
	<object>
		<name>masked</name>
		<pose>Unspecified</pose>
		<truncated>0</truncated>
		<difficult>0</difficult>
		<occluded>0</occluded>
		<bndbox>
			<xmin>114</xmin>
			<xmax>349</xmax>
			<ymin>46</ymin>
			<ymax>316</ymax>
		</bndbox>
	</object>
</annotation>
