<annotation>
	<folder></folder>
	<filename>0772_jpg.rf.ea0522ad0f9ea368ca119502696cf5cc.jpg</filename>
	<path>0772_jpg.rf.ea0522ad0f9ea368ca119502696cf5cc.jpg</path>
	<source>
		<database>roboflow.ai</database>
	</source>
	<size>
		<width>416</width>
		<height>416</height>
		<depth>3</depth>
	</size>
	<segmented>0</segmented>
	<object>
		<name>masked</name>
		<pose>Unspecified</pose>
		<truncated>0</truncated>
		<difficult>0</difficult>
		<occluded>0</occluded>
		<bndbox>
			<xmin>43</xmin>
			<xmax>303</xmax>
			<ymin>23</ymin>
			<ymax>380</ymax>
		</bndbox>
	</object>
</annotation>
