<annotation>
	<folder></folder>
	<filename>0773_jpg.rf.0e291a5dae7db444e4e26ed2d2b3d6f2.jpg</filename>
	<path>0773_jpg.rf.0e291a5dae7db444e4e26ed2d2b3d6f2.jpg</path>
	<source>
		<database>roboflow.ai</database>
	</source>
	<size>
		<width>416</width>
		<height>416</height>
		<depth>3</depth>
	</size>
	<segmented>0</segmented>
	<object>
		<name>masked</name>
		<pose>Unspecified</pose>
		<truncated>0</truncated>
		<difficult>0</difficult>
		<occluded>0</occluded>
		<bndbox>
			<xmin>98</xmin>
			<xmax>252</xmax>
			<ymin>49</ymin>
			<ymax>348</ymax>
		</bndbox>
	</object>
</annotation>
