<annotation>
	<folder></folder>
	<filename>0777_jpg.rf.57065a5e8720ec5f31f521a28bfd0c16.jpg</filename>
	<path>0777_jpg.rf.57065a5e8720ec5f31f521a28bfd0c16.jpg</path>
	<source>
		<database>roboflow.ai</database>
	</source>
	<size>
		<width>416</width>
		<height>416</height>
		<depth>3</depth>
	</size>
	<segmented>0</segmented>
	<object>
		<name>masked</name>
		<pose>Unspecified</pose>
		<truncated>0</truncated>
		<difficult>0</difficult>
		<occluded>0</occluded>
		<bndbox>
			<xmin>144</xmin>
			<xmax>337</xmax>
			<ymin>54</ymin>
			<ymax>388</ymax>
		</bndbox>
	</object>
</annotation>
