<annotation>
	<folder></folder>
	<filename>0779_jpg.rf.1e1c92e06cfb95c3cd39b4bbc5238dd1.jpg</filename>
	<path>0779_jpg.rf.1e1c92e06cfb95c3cd39b4bbc5238dd1.jpg</path>
	<source>
		<database>roboflow.ai</database>
	</source>
	<size>
		<width>416</width>
		<height>416</height>
		<depth>3</depth>
	</size>
	<segmented>0</segmented>
	<object>
		<name>masked</name>
		<pose>Unspecified</pose>
		<truncated>0</truncated>
		<difficult>0</difficult>
		<occluded>0</occluded>
		<bndbox>
			<xmin>54</xmin>
			<xmax>369</xmax>
			<ymin>5</ymin>
			<ymax>300</ymax>
		</bndbox>
	</object>
</annotation>
