<annotation>
	<folder></folder>
	<filename>0780_jpg.rf.87c506f69734761325e9b6474c835de8.jpg</filename>
	<path>0780_jpg.rf.87c506f69734761325e9b6474c835de8.jpg</path>
	<source>
		<database>roboflow.ai</database>
	</source>
	<size>
		<width>416</width>
		<height>416</height>
		<depth>3</depth>
	</size>
	<segmented>0</segmented>
	<object>
		<name>masked</name>
		<pose>Unspecified</pose>
		<truncated>0</truncated>
		<difficult>0</difficult>
		<occluded>0</occluded>
		<bndbox>
			<xmin>102</xmin>
			<xmax>377</xmax>
			<ymin>29</ymin>
			<ymax>321</ymax>
		</bndbox>
	</object>
</annotation>
