<annotation>
	<folder></folder>
	<filename>0782_jpg.rf.5de4b706354ab5fd82d09fec06b8edf1.jpg</filename>
	<path>0782_jpg.rf.5de4b706354ab5fd82d09fec06b8edf1.jpg</path>
	<source>
		<database>roboflow.ai</database>
	</source>
	<size>
		<width>416</width>
		<height>416</height>
		<depth>3</depth>
	</size>
	<segmented>0</segmented>
	<object>
		<name>masked</name>
		<pose>Unspecified</pose>
		<truncated>0</truncated>
		<difficult>0</difficult>
		<occluded>0</occluded>
		<bndbox>
			<xmin>100</xmin>
			<xmax>325</xmax>
			<ymin>28</ymin>
			<ymax>301</ymax>
		</bndbox>
	</object>
</annotation>
