<annotation>
	<folder></folder>
	<filename>0784_jpg.rf.efa2c5c80c2d58560b7d221e7784b7df.jpg</filename>
	<path>0784_jpg.rf.efa2c5c80c2d58560b7d221e7784b7df.jpg</path>
	<source>
		<database>roboflow.ai</database>
	</source>
	<size>
		<width>416</width>
		<height>416</height>
		<depth>3</depth>
	</size>
	<segmented>0</segmented>
	<object>
		<name>masked</name>
		<pose>Unspecified</pose>
		<truncated>0</truncated>
		<difficult>0</difficult>
		<occluded>0</occluded>
		<bndbox>
			<xmin>51</xmin>
			<xmax>321</xmax>
			<ymin>69</ymin>
			<ymax>411</ymax>
		</bndbox>
	</object>
</annotation>
