<annotation>
	<folder></folder>
	<filename>0786_jpg.rf.95f045fb7cfbae3abdffecd8ff2086ad.jpg</filename>
	<path>0786_jpg.rf.95f045fb7cfbae3abdffecd8ff2086ad.jpg</path>
	<source>
		<database>roboflow.ai</database>
	</source>
	<size>
		<width>416</width>
		<height>416</height>
		<depth>3</depth>
	</size>
	<segmented>0</segmented>
	<object>
		<name>masked</name>
		<pose>Unspecified</pose>
		<truncated>0</truncated>
		<difficult>0</difficult>
		<occluded>0</occluded>
		<bndbox>
			<xmin>46</xmin>
			<xmax>288</xmax>
			<ymin>35</ymin>
			<ymax>316</ymax>
		</bndbox>
	</object>
</annotation>
