<annotation>
	<folder></folder>
	<filename>0787_jpg.rf.e461ba7456263958b03d316bf706d6ba.jpg</filename>
	<path>0787_jpg.rf.e461ba7456263958b03d316bf706d6ba.jpg</path>
	<source>
		<database>roboflow.ai</database>
	</source>
	<size>
		<width>416</width>
		<height>416</height>
		<depth>3</depth>
	</size>
	<segmented>0</segmented>
	<object>
		<name>masked</name>
		<pose>Unspecified</pose>
		<truncated>0</truncated>
		<difficult>0</difficult>
		<occluded>0</occluded>
		<bndbox>
			<xmin>139</xmin>
			<xmax>259</xmax>
			<ymin>58</ymin>
			<ymax>380</ymax>
		</bndbox>
	</object>
</annotation>
