<annotation>
	<folder></folder>
	<filename>0791_jpg.rf.a0f4555c8863239e8471e7640348f54c.jpg</filename>
	<path>0791_jpg.rf.a0f4555c8863239e8471e7640348f54c.jpg</path>
	<source>
		<database>roboflow.ai</database>
	</source>
	<size>
		<width>416</width>
		<height>416</height>
		<depth>3</depth>
	</size>
	<segmented>0</segmented>
	<object>
		<name>masked</name>
		<pose>Unspecified</pose>
		<truncated>0</truncated>
		<difficult>0</difficult>
		<occluded>0</occluded>
		<bndbox>
			<xmin>170</xmin>
			<xmax>334</xmax>
			<ymin>16</ymin>
			<ymax>255</ymax>
		</bndbox>
	</object>
</annotation>
