<annotation>
	<folder></folder>
	<filename>0792_jpg.rf.43816239dcae69129ba3763bdc6126a7.jpg</filename>
	<path>0792_jpg.rf.43816239dcae69129ba3763bdc6126a7.jpg</path>
	<source>
		<database>roboflow.ai</database>
	</source>
	<size>
		<width>416</width>
		<height>416</height>
		<depth>3</depth>
	</size>
	<segmented>0</segmented>
	<object>
		<name>masked</name>
		<pose>Unspecified</pose>
		<truncated>0</truncated>
		<difficult>0</difficult>
		<occluded>0</occluded>
		<bndbox>
			<xmin>38</xmin>
			<xmax>282</xmax>
			<ymin>62</ymin>
			<ymax>393</ymax>
		</bndbox>
	</object>
</annotation>
