<annotation>
	<folder></folder>
	<filename>0802_jpg.rf.ea0d5d5ed2c8f2b3aa9e5aacca85667c.jpg</filename>
	<path>0802_jpg.rf.ea0d5d5ed2c8f2b3aa9e5aacca85667c.jpg</path>
	<source>
		<database>roboflow.ai</database>
	</source>
	<size>
		<width>416</width>
		<height>416</height>
		<depth>3</depth>
	</size>
	<segmented>0</segmented>
	<object>
		<name>masked</name>
		<pose>Unspecified</pose>
		<truncated>0</truncated>
		<difficult>0</difficult>
		<occluded>0</occluded>
		<bndbox>
			<xmin>163</xmin>
			<xmax>316</xmax>
			<ymin>87</ymin>
			<ymax>318</ymax>
		</bndbox>
	</object>
</annotation>
