<annotation>
	<folder></folder>
	<filename>0803_jpg.rf.fbfc39417860417e8fb38c92f6000634.jpg</filename>
	<path>0803_jpg.rf.fbfc39417860417e8fb38c92f6000634.jpg</path>
	<source>
		<database>roboflow.ai</database>
	</source>
	<size>
		<width>416</width>
		<height>416</height>
		<depth>3</depth>
	</size>
	<segmented>0</segmented>
	<object>
		<name>masked</name>
		<pose>Unspecified</pose>
		<truncated>0</truncated>
		<difficult>0</difficult>
		<occluded>0</occluded>
		<bndbox>
			<xmin>59</xmin>
			<xmax>284</xmax>
			<ymin>47</ymin>
			<ymax>413</ymax>
		</bndbox>
	</object>
</annotation>
