<annotation>
	<folder></folder>
	<filename>0805_jpg.rf.46051ebda0378bbfa37595431c2fb3a0.jpg</filename>
	<path>0805_jpg.rf.46051ebda0378bbfa37595431c2fb3a0.jpg</path>
	<source>
		<database>roboflow.ai</database>
	</source>
	<size>
		<width>416</width>
		<height>416</height>
		<depth>3</depth>
	</size>
	<segmented>0</segmented>
	<object>
		<name>masked</name>
		<pose>Unspecified</pose>
		<truncated>0</truncated>
		<difficult>0</difficult>
		<occluded>0</occluded>
		<bndbox>
			<xmin>26</xmin>
			<xmax>195</xmax>
			<ymin>108</ymin>
			<ymax>320</ymax>
		</bndbox>
	</object>
</annotation>
