<annotation>
	<folder></folder>
	<filename>0806_jpg.rf.96dfb6c04fc816932af18497297d911c.jpg</filename>
	<path>0806_jpg.rf.96dfb6c04fc816932af18497297d911c.jpg</path>
	<source>
		<database>roboflow.ai</database>
	</source>
	<size>
		<width>416</width>
		<height>416</height>
		<depth>3</depth>
	</size>
	<segmented>0</segmented>
	<object>
		<name>masked</name>
		<pose>Unspecified</pose>
		<truncated>0</truncated>
		<difficult>0</difficult>
		<occluded>0</occluded>
		<bndbox>
			<xmin>4</xmin>
			<xmax>400</xmax>
			<ymin>9</ymin>
			<ymax>361</ymax>
		</bndbox>
	</object>
</annotation>
