<annotation>
	<folder></folder>
	<filename>0831_jpg.rf.a1a70660facf92b983b542f137612871.jpg</filename>
	<path>0831_jpg.rf.a1a70660facf92b983b542f137612871.jpg</path>
	<source>
		<database>roboflow.ai</database>
	</source>
	<size>
		<width>416</width>
		<height>416</height>
		<depth>3</depth>
	</size>
	<segmented>0</segmented>
	<object>
		<name>masked</name>
		<pose>Unspecified</pose>
		<truncated>0</truncated>
		<difficult>0</difficult>
		<occluded>0</occluded>
		<bndbox>
			<xmin>73</xmin>
			<xmax>363</xmax>
			<ymin>60</ymin>
			<ymax>369</ymax>
		</bndbox>
	</object>
</annotation>
