<annotation>
	<folder></folder>
	<filename>0837_jpg.rf.a86512ed0c89aba0199c5fda2db1a199.jpg</filename>
	<path>0837_jpg.rf.a86512ed0c89aba0199c5fda2db1a199.jpg</path>
	<source>
		<database>roboflow.ai</database>
	</source>
	<size>
		<width>416</width>
		<height>416</height>
		<depth>3</depth>
	</size>
	<segmented>0</segmented>
	<object>
		<name>masked</name>
		<pose>Unspecified</pose>
		<truncated>0</truncated>
		<difficult>0</difficult>
		<occluded>0</occluded>
		<bndbox>
			<xmin>143</xmin>
			<xmax>301</xmax>
			<ymin>89</ymin>
			<ymax>368</ymax>
		</bndbox>
	</object>
</annotation>
