<annotation>
	<folder></folder>
	<filename>0838_jpg.rf.974a0ef0c891de58ced79394c1fa4488.jpg</filename>
	<path>0838_jpg.rf.974a0ef0c891de58ced79394c1fa4488.jpg</path>
	<source>
		<database>roboflow.ai</database>
	</source>
	<size>
		<width>416</width>
		<height>416</height>
		<depth>3</depth>
	</size>
	<segmented>0</segmented>
	<object>
		<name>masked</name>
		<pose>Unspecified</pose>
		<truncated>0</truncated>
		<difficult>0</difficult>
		<occluded>0</occluded>
		<bndbox>
			<xmin>170</xmin>
			<xmax>305</xmax>
			<ymin>63</ymin>
			<ymax>339</ymax>
		</bndbox>
	</object>
</annotation>
