<annotation>
	<folder></folder>
	<filename>0862_jpg.rf.c6f3bd14b8d437bc97b30815b37a9bd1.jpg</filename>
	<path>0862_jpg.rf.c6f3bd14b8d437bc97b30815b37a9bd1.jpg</path>
	<source>
		<database>roboflow.ai</database>
	</source>
	<size>
		<width>416</width>
		<height>416</height>
		<depth>3</depth>
	</size>
	<segmented>0</segmented>
	<object>
		<name>masked</name>
		<pose>Unspecified</pose>
		<truncated>0</truncated>
		<difficult>0</difficult>
		<occluded>0</occluded>
		<bndbox>
			<xmin>99</xmin>
			<xmax>363</xmax>
			<ymin>66</ymin>
			<ymax>339</ymax>
		</bndbox>
	</object>
</annotation>
