<annotation>
	<folder></folder>
	<filename>0864_jpg.rf.40349deb78e1d0bc549d0e3a3d1e16bb.jpg</filename>
	<path>0864_jpg.rf.40349deb78e1d0bc549d0e3a3d1e16bb.jpg</path>
	<source>
		<database>roboflow.ai</database>
	</source>
	<size>
		<width>416</width>
		<height>416</height>
		<depth>3</depth>
	</size>
	<segmented>0</segmented>
	<object>
		<name>masked</name>
		<pose>Unspecified</pose>
		<truncated>0</truncated>
		<difficult>0</difficult>
		<occluded>0</occluded>
		<bndbox>
			<xmin>85</xmin>
			<xmax>257</xmax>
			<ymin>34</ymin>
			<ymax>262</ymax>
		</bndbox>
	</object>
</annotation>
