<annotation>
	<folder></folder>
	<filename>0888_jpg.rf.d7de2c8aa9e3b8bb1e5c564926b3941c.jpg</filename>
	<path>0888_jpg.rf.d7de2c8aa9e3b8bb1e5c564926b3941c.jpg</path>
	<source>
		<database>roboflow.ai</database>
	</source>
	<size>
		<width>416</width>
		<height>416</height>
		<depth>3</depth>
	</size>
	<segmented>0</segmented>
	<object>
		<name>masked</name>
		<pose>Unspecified</pose>
		<truncated>0</truncated>
		<difficult>0</difficult>
		<occluded>0</occluded>
		<bndbox>
			<xmin>98</xmin>
			<xmax>294</xmax>
			<ymin>69</ymin>
			<ymax>412</ymax>
		</bndbox>
	</object>
</annotation>
