<annotation>
	<folder></folder>
	<filename>0891_jpg.rf.783c1c01ecd0a6b2a7862200c75d1dd5.jpg</filename>
	<path>0891_jpg.rf.783c1c01ecd0a6b2a7862200c75d1dd5.jpg</path>
	<source>
		<database>roboflow.ai</database>
	</source>
	<size>
		<width>416</width>
		<height>416</height>
		<depth>3</depth>
	</size>
	<segmented>0</segmented>
	<object>
		<name>masked</name>
		<pose>Unspecified</pose>
		<truncated>0</truncated>
		<difficult>0</difficult>
		<occluded>0</occluded>
		<bndbox>
			<xmin>133</xmin>
			<xmax>249</xmax>
			<ymin>50</ymin>
			<ymax>260</ymax>
		</bndbox>
	</object>
</annotation>
