<annotation>
	<folder></folder>
	<filename>0901_jpeg.rf.1b4bb89bb4088f143e7b02b6790a4e9c.jpg</filename>
	<path>0901_jpeg.rf.1b4bb89bb4088f143e7b02b6790a4e9c.jpg</path>
	<source>
		<database>roboflow.ai</database>
	</source>
	<size>
		<width>416</width>
		<height>416</height>
		<depth>3</depth>
	</size>
	<segmented>0</segmented>
	<object>
		<name>masked</name>
		<pose>Unspecified</pose>
		<truncated>0</truncated>
		<difficult>0</difficult>
		<occluded>0</occluded>
		<bndbox>
			<xmin>119</xmin>
			<xmax>295</xmax>
			<ymin>45</ymin>
			<ymax>396</ymax>
		</bndbox>
	</object>
</annotation>
