<annotation>
	<folder></folder>
	<filename>0911_jpg.rf.ddd52276650efdc722405f2c2e413aa0.jpg</filename>
	<path>0911_jpg.rf.ddd52276650efdc722405f2c2e413aa0.jpg</path>
	<source>
		<database>roboflow.ai</database>
	</source>
	<size>
		<width>416</width>
		<height>416</height>
		<depth>3</depth>
	</size>
	<segmented>0</segmented>
	<object>
		<name>masked</name>
		<pose>Unspecified</pose>
		<truncated>0</truncated>
		<difficult>0</difficult>
		<occluded>0</occluded>
		<bndbox>
			<xmin>139</xmin>
			<xmax>315</xmax>
			<ymin>62</ymin>
			<ymax>319</ymax>
		</bndbox>
	</object>
</annotation>
