<annotation>
	<folder></folder>
	<filename>0913_jpg.rf.b4d68934cfc602e5cc0c1e0d70081728.jpg</filename>
	<path>0913_jpg.rf.b4d68934cfc602e5cc0c1e0d70081728.jpg</path>
	<source>
		<database>roboflow.ai</database>
	</source>
	<size>
		<width>416</width>
		<height>416</height>
		<depth>3</depth>
	</size>
	<segmented>0</segmented>
	<object>
		<name>masked</name>
		<pose>Unspecified</pose>
		<truncated>0</truncated>
		<difficult>0</difficult>
		<occluded>0</occluded>
		<bndbox>
			<xmin>92</xmin>
			<xmax>234</xmax>
			<ymin>24</ymin>
			<ymax>293</ymax>
		</bndbox>
	</object>
</annotation>
