<annotation>
	<folder></folder>
	<filename>0930_jpg.rf.218fdc85f9fcd8e21d720367b60f5b23.jpg</filename>
	<path>0930_jpg.rf.218fdc85f9fcd8e21d720367b60f5b23.jpg</path>
	<source>
		<database>roboflow.ai</database>
	</source>
	<size>
		<width>416</width>
		<height>416</height>
		<depth>3</depth>
	</size>
	<segmented>0</segmented>
	<object>
		<name>masked</name>
		<pose>Unspecified</pose>
		<truncated>0</truncated>
		<difficult>0</difficult>
		<occluded>0</occluded>
		<bndbox>
			<xmin>79</xmin>
			<xmax>362</xmax>
			<ymin>49</ymin>
			<ymax>317</ymax>
		</bndbox>
	</object>
</annotation>
