<annotation>
	<folder></folder>
	<filename>0932_jpg.rf.fc14f674db9f2d0ec8e41f0996edc156.jpg</filename>
	<path>0932_jpg.rf.fc14f674db9f2d0ec8e41f0996edc156.jpg</path>
	<source>
		<database>roboflow.ai</database>
	</source>
	<size>
		<width>416</width>
		<height>416</height>
		<depth>3</depth>
	</size>
	<segmented>0</segmented>
	<object>
		<name>masked</name>
		<pose>Unspecified</pose>
		<truncated>0</truncated>
		<difficult>0</difficult>
		<occluded>0</occluded>
		<bndbox>
			<xmin>118</xmin>
			<xmax>294</xmax>
			<ymin>22</ymin>
			<ymax>284</ymax>
		</bndbox>
	</object>
</annotation>
