<annotation>
	<folder></folder>
	<filename>0934_png.rf.0d36c5200d525ac631e2f5aa20695905.jpg</filename>
	<path>0934_png.rf.0d36c5200d525ac631e2f5aa20695905.jpg</path>
	<source>
		<database>roboflow.ai</database>
	</source>
	<size>
		<width>416</width>
		<height>416</height>
		<depth>3</depth>
	</size>
	<segmented>0</segmented>
	<object>
		<name>masked</name>
		<pose>Unspecified</pose>
		<truncated>0</truncated>
		<difficult>0</difficult>
		<occluded>0</occluded>
		<bndbox>
			<xmin>111</xmin>
			<xmax>307</xmax>
			<ymin>35</ymin>
			<ymax>337</ymax>
		</bndbox>
	</object>
</annotation>
