<annotation>
	<folder></folder>
	<filename>0936_jpg.rf.09fd40809d13cd001e3adcc0decbc8d2.jpg</filename>
	<path>0936_jpg.rf.09fd40809d13cd001e3adcc0decbc8d2.jpg</path>
	<source>
		<database>roboflow.ai</database>
	</source>
	<size>
		<width>416</width>
		<height>416</height>
		<depth>3</depth>
	</size>
	<segmented>0</segmented>
	<object>
		<name>masked</name>
		<pose>Unspecified</pose>
		<truncated>0</truncated>
		<difficult>0</difficult>
		<occluded>0</occluded>
		<bndbox>
			<xmin>51</xmin>
			<xmax>223</xmax>
			<ymin>63</ymin>
			<ymax>322</ymax>
		</bndbox>
	</object>
</annotation>
