<annotation>
	<folder></folder>
	<filename>0938_jpeg.rf.9f30456647b3777529cd9ee1c90f9d7f.jpg</filename>
	<path>0938_jpeg.rf.9f30456647b3777529cd9ee1c90f9d7f.jpg</path>
	<source>
		<database>roboflow.ai</database>
	</source>
	<size>
		<width>416</width>
		<height>416</height>
		<depth>3</depth>
	</size>
	<segmented>0</segmented>
	<object>
		<name>masked</name>
		<pose>Unspecified</pose>
		<truncated>0</truncated>
		<difficult>0</difficult>
		<occluded>0</occluded>
		<bndbox>
			<xmin>1</xmin>
			<xmax>236</xmax>
			<ymin>14</ymin>
			<ymax>305</ymax>
		</bndbox>
	</object>
</annotation>
