<annotation>
	<folder></folder>
	<filename>0943_jpg.rf.68e752fcbde02fda0c99184d40538a20.jpg</filename>
	<path>0943_jpg.rf.68e752fcbde02fda0c99184d40538a20.jpg</path>
	<source>
		<database>roboflow.ai</database>
	</source>
	<size>
		<width>416</width>
		<height>416</height>
		<depth>3</depth>
	</size>
	<segmented>0</segmented>
	<object>
		<name>masked</name>
		<pose>Unspecified</pose>
		<truncated>0</truncated>
		<difficult>0</difficult>
		<occluded>0</occluded>
		<bndbox>
			<xmin>117</xmin>
			<xmax>331</xmax>
			<ymin>48</ymin>
			<ymax>254</ymax>
		</bndbox>
	</object>
</annotation>
