<annotation>
	<folder></folder>
	<filename>0951_jpg.rf.63e63b656deeb175258992e8a0148cf5.jpg</filename>
	<path>0951_jpg.rf.63e63b656deeb175258992e8a0148cf5.jpg</path>
	<source>
		<database>roboflow.ai</database>
	</source>
	<size>
		<width>416</width>
		<height>416</height>
		<depth>3</depth>
	</size>
	<segmented>0</segmented>
	<object>
		<name>masked</name>
		<pose>Unspecified</pose>
		<truncated>0</truncated>
		<difficult>0</difficult>
		<occluded>0</occluded>
		<bndbox>
			<xmin>83</xmin>
			<xmax>354</xmax>
			<ymin>18</ymin>
			<ymax>353</ymax>
		</bndbox>
	</object>
</annotation>
