<annotation>
	<folder></folder>
	<filename>0954_jpg.rf.7c39ecc3be760c7af550dc889c6ec28b.jpg</filename>
	<path>0954_jpg.rf.7c39ecc3be760c7af550dc889c6ec28b.jpg</path>
	<source>
		<database>roboflow.ai</database>
	</source>
	<size>
		<width>416</width>
		<height>416</height>
		<depth>3</depth>
	</size>
	<segmented>0</segmented>
	<object>
		<name>masked</name>
		<pose>Unspecified</pose>
		<truncated>0</truncated>
		<difficult>0</difficult>
		<occluded>0</occluded>
		<bndbox>
			<xmin>85</xmin>
			<xmax>332</xmax>
			<ymin>18</ymin>
			<ymax>261</ymax>
		</bndbox>
	</object>
</annotation>
