<annotation>
	<folder></folder>
	<filename>0972_jpg.rf.44e7b92f4e20b04e3b37f0468a8e88c0.jpg</filename>
	<path>0972_jpg.rf.44e7b92f4e20b04e3b37f0468a8e88c0.jpg</path>
	<source>
		<database>roboflow.ai</database>
	</source>
	<size>
		<width>416</width>
		<height>416</height>
		<depth>3</depth>
	</size>
	<segmented>0</segmented>
	<object>
		<name>masked</name>
		<pose>Unspecified</pose>
		<truncated>0</truncated>
		<difficult>0</difficult>
		<occluded>0</occluded>
		<bndbox>
			<xmin>148</xmin>
			<xmax>319</xmax>
			<ymin>10</ymin>
			<ymax>372</ymax>
		</bndbox>
	</object>
</annotation>
