<annotation>
	<folder></folder>
	<filename>0976_jpg.rf.42ba66637642e35d1fcfc6fc8db622c3.jpg</filename>
	<path>0976_jpg.rf.42ba66637642e35d1fcfc6fc8db622c3.jpg</path>
	<source>
		<database>roboflow.ai</database>
	</source>
	<size>
		<width>416</width>
		<height>416</height>
		<depth>3</depth>
	</size>
	<segmented>0</segmented>
	<object>
		<name>masked</name>
		<pose>Unspecified</pose>
		<truncated>0</truncated>
		<difficult>0</difficult>
		<occluded>0</occluded>
		<bndbox>
			<xmin>48</xmin>
			<xmax>309</xmax>
			<ymin>40</ymin>
			<ymax>400</ymax>
		</bndbox>
	</object>
</annotation>
