<annotation>
	<folder></folder>
	<filename>0994_jpg.rf.ba89e4ab4373ad34bc98fce18ce8babb.jpg</filename>
	<path>0994_jpg.rf.ba89e4ab4373ad34bc98fce18ce8babb.jpg</path>
	<source>
		<database>roboflow.ai</database>
	</source>
	<size>
		<width>416</width>
		<height>416</height>
		<depth>3</depth>
	</size>
	<segmented>0</segmented>
	<object>
		<name>masked</name>
		<pose>Unspecified</pose>
		<truncated>0</truncated>
		<difficult>0</difficult>
		<occluded>0</occluded>
		<bndbox>
			<xmin>131</xmin>
			<xmax>295</xmax>
			<ymin>32</ymin>
			<ymax>267</ymax>
		</bndbox>
	</object>
</annotation>
