<annotation>
	<folder></folder>
	<filename>0999_png.rf.65cd614238c3c03a6362c3754f3fb7cf.jpg</filename>
	<path>0999_png.rf.65cd614238c3c03a6362c3754f3fb7cf.jpg</path>
	<source>
		<database>roboflow.ai</database>
	</source>
	<size>
		<width>416</width>
		<height>416</height>
		<depth>3</depth>
	</size>
	<segmented>0</segmented>
	<object>
		<name>masked</name>
		<pose>Unspecified</pose>
		<truncated>0</truncated>
		<difficult>0</difficult>
		<occluded>0</occluded>
		<bndbox>
			<xmin>47</xmin>
			<xmax>302</xmax>
			<ymin>34</ymin>
			<ymax>406</ymax>
		</bndbox>
	</object>
</annotation>
