<annotation>
	<folder></folder>
	<filename>0_jpg.rf.de8d260b17102b06c46e8434a341d4a7.jpg</filename>
	<path>0_jpg.rf.de8d260b17102b06c46e8434a341d4a7.jpg</path>
	<source>
		<database>roboflow.ai</database>
	</source>
	<size>
		<width>416</width>
		<height>416</height>
		<depth>3</depth>
	</size>
	<segmented>0</segmented>
	<object>
		<name>unmasked</name>
		<pose>Unspecified</pose>
		<truncated>0</truncated>
		<difficult>0</difficult>
		<occluded>0</occluded>
		<bndbox>
			<xmin>70</xmin>
			<xmax>267</xmax>
			<ymin>43</ymin>
			<ymax>161</ymax>
		</bndbox>
	</object>
</annotation>
