<annotation>
	<folder></folder>
	<filename>100_jpg.rf.c0975034cda653c1ca62ad8059a24053.jpg</filename>
	<path>100_jpg.rf.c0975034cda653c1ca62ad8059a24053.jpg</path>
	<source>
		<database>roboflow.ai</database>
	</source>
	<size>
		<width>416</width>
		<height>416</height>
		<depth>3</depth>
	</size>
	<segmented>0</segmented>
	<object>
		<name>unmasked</name>
		<pose>Unspecified</pose>
		<truncated>0</truncated>
		<difficult>0</difficult>
		<occluded>0</occluded>
		<bndbox>
			<xmin>60</xmin>
			<xmax>329</xmax>
			<ymin>68</ymin>
			<ymax>365</ymax>
		</bndbox>
	</object>
</annotation>
