<annotation>
	<folder></folder>
	<filename>101_jpg.rf.a36e5ca6f5198f7517a0d28b228f90d7.jpg</filename>
	<path>101_jpg.rf.a36e5ca6f5198f7517a0d28b228f90d7.jpg</path>
	<source>
		<database>roboflow.ai</database>
	</source>
	<size>
		<width>416</width>
		<height>416</height>
		<depth>3</depth>
	</size>
	<segmented>0</segmented>
	<object>
		<name>unmasked</name>
		<pose>Unspecified</pose>
		<truncated>0</truncated>
		<difficult>0</difficult>
		<occluded>0</occluded>
		<bndbox>
			<xmin>45</xmin>
			<xmax>381</xmax>
			<ymin>58</ymin>
			<ymax>374</ymax>
		</bndbox>
	</object>
</annotation>
