<annotation>
	<folder></folder>
	<filename>1020_jpg.rf.276b2247eb80b8094eac9732f9240d49.jpg</filename>
	<path>1020_jpg.rf.276b2247eb80b8094eac9732f9240d49.jpg</path>
	<source>
		<database>roboflow.ai</database>
	</source>
	<size>
		<width>416</width>
		<height>416</height>
		<depth>3</depth>
	</size>
	<segmented>0</segmented>
	<object>
		<name>masked</name>
		<pose>Unspecified</pose>
		<truncated>0</truncated>
		<difficult>0</difficult>
		<occluded>0</occluded>
		<bndbox>
			<xmin>132</xmin>
			<xmax>268</xmax>
			<ymin>68</ymin>
			<ymax>331</ymax>
		</bndbox>
	</object>
</annotation>
