<annotation>
	<folder></folder>
	<filename>102_jpg.rf.f6b75533864cec8411baf838f5cb1e1c.jpg</filename>
	<path>102_jpg.rf.f6b75533864cec8411baf838f5cb1e1c.jpg</path>
	<source>
		<database>roboflow.ai</database>
	</source>
	<size>
		<width>416</width>
		<height>416</height>
		<depth>3</depth>
	</size>
	<segmented>0</segmented>
	<object>
		<name>unmasked</name>
		<pose>Unspecified</pose>
		<truncated>0</truncated>
		<difficult>0</difficult>
		<occluded>0</occluded>
		<bndbox>
			<xmin>53</xmin>
			<xmax>370</xmax>
			<ymin>26</ymin>
			<ymax>348</ymax>
		</bndbox>
	</object>
</annotation>
