<annotation>
	<folder></folder>
	<filename>1036_png.rf.4783853271ed9787b3e64296889b6630.jpg</filename>
	<path>1036_png.rf.4783853271ed9787b3e64296889b6630.jpg</path>
	<source>
		<database>roboflow.ai</database>
	</source>
	<size>
		<width>416</width>
		<height>416</height>
		<depth>3</depth>
	</size>
	<segmented>0</segmented>
	<object>
		<name>masked</name>
		<pose>Unspecified</pose>
		<truncated>0</truncated>
		<difficult>0</difficult>
		<occluded>0</occluded>
		<bndbox>
			<xmin>196</xmin>
			<xmax>295</xmax>
			<ymin>111</ymin>
			<ymax>281</ymax>
		</bndbox>
	</object>
</annotation>
