<annotation>
	<folder></folder>
	<filename>1037_png.rf.54399c0a9b6971cb097f616ef70f329d.jpg</filename>
	<path>1037_png.rf.54399c0a9b6971cb097f616ef70f329d.jpg</path>
	<source>
		<database>roboflow.ai</database>
	</source>
	<size>
		<width>416</width>
		<height>416</height>
		<depth>3</depth>
	</size>
	<segmented>0</segmented>
	<object>
		<name>masked</name>
		<pose>Unspecified</pose>
		<truncated>0</truncated>
		<difficult>0</difficult>
		<occluded>0</occluded>
		<bndbox>
			<xmin>123</xmin>
			<xmax>254</xmax>
			<ymin>44</ymin>
			<ymax>274</ymax>
		</bndbox>
	</object>
</annotation>
