<annotation>
	<folder></folder>
	<filename>1039_jpg.rf.cf30d8fc381cb307287a2832768a9775.jpg</filename>
	<path>1039_jpg.rf.cf30d8fc381cb307287a2832768a9775.jpg</path>
	<source>
		<database>roboflow.ai</database>
	</source>
	<size>
		<width>416</width>
		<height>416</height>
		<depth>3</depth>
	</size>
	<segmented>0</segmented>
	<object>
		<name>masked</name>
		<pose>Unspecified</pose>
		<truncated>0</truncated>
		<difficult>0</difficult>
		<occluded>0</occluded>
		<bndbox>
			<xmin>166</xmin>
			<xmax>345</xmax>
			<ymin>43</ymin>
			<ymax>326</ymax>
		</bndbox>
	</object>
</annotation>
