<annotation>
	<folder></folder>
	<filename>1040_jpg.rf.f87ad060c6cf39c2a9b90512ffdefcf0.jpg</filename>
	<path>1040_jpg.rf.f87ad060c6cf39c2a9b90512ffdefcf0.jpg</path>
	<source>
		<database>roboflow.ai</database>
	</source>
	<size>
		<width>416</width>
		<height>416</height>
		<depth>3</depth>
	</size>
	<segmented>0</segmented>
	<object>
		<name>masked</name>
		<pose>Unspecified</pose>
		<truncated>0</truncated>
		<difficult>0</difficult>
		<occluded>0</occluded>
		<bndbox>
			<xmin>78</xmin>
			<xmax>385</xmax>
			<ymin>32</ymin>
			<ymax>362</ymax>
		</bndbox>
	</object>
</annotation>
