<annotation>
	<folder></folder>
	<filename>1041_jpg.rf.b0fb7ee8600f2287c8dc424f7ddaa1d4.jpg</filename>
	<path>1041_jpg.rf.b0fb7ee8600f2287c8dc424f7ddaa1d4.jpg</path>
	<source>
		<database>roboflow.ai</database>
	</source>
	<size>
		<width>416</width>
		<height>416</height>
		<depth>3</depth>
	</size>
	<segmented>0</segmented>
	<object>
		<name>masked</name>
		<pose>Unspecified</pose>
		<truncated>0</truncated>
		<difficult>0</difficult>
		<occluded>0</occluded>
		<bndbox>
			<xmin>91</xmin>
			<xmax>320</xmax>
			<ymin>62</ymin>
			<ymax>342</ymax>
		</bndbox>
	</object>
</annotation>
