<annotation>
	<folder></folder>
	<filename>104_jpg.rf.eae6e79f2e4560abac21fc7efeed534a.jpg</filename>
	<path>104_jpg.rf.eae6e79f2e4560abac21fc7efeed534a.jpg</path>
	<source>
		<database>roboflow.ai</database>
	</source>
	<size>
		<width>416</width>
		<height>416</height>
		<depth>3</depth>
	</size>
	<segmented>0</segmented>
	<object>
		<name>unmasked</name>
		<pose>Unspecified</pose>
		<truncated>0</truncated>
		<difficult>0</difficult>
		<occluded>0</occluded>
		<bndbox>
			<xmin>73</xmin>
			<xmax>323</xmax>
			<ymin>40</ymin>
			<ymax>348</ymax>
		</bndbox>
	</object>
</annotation>
