<annotation>
	<folder></folder>
	<filename>1053_jpg.rf.d3c3851e276563b9e799f96c16a0f338.jpg</filename>
	<path>1053_jpg.rf.d3c3851e276563b9e799f96c16a0f338.jpg</path>
	<source>
		<database>roboflow.ai</database>
	</source>
	<size>
		<width>416</width>
		<height>416</height>
		<depth>3</depth>
	</size>
	<segmented>0</segmented>
	<object>
		<name>masked</name>
		<pose>Unspecified</pose>
		<truncated>0</truncated>
		<difficult>0</difficult>
		<occluded>0</occluded>
		<bndbox>
			<xmin>143</xmin>
			<xmax>268</xmax>
			<ymin>37</ymin>
			<ymax>284</ymax>
		</bndbox>
	</object>
</annotation>
