<annotation>
	<folder></folder>
	<filename>1054_jpg.rf.38572c7cb3ec3d41b6c04cf13cfbcdfe.jpg</filename>
	<path>1054_jpg.rf.38572c7cb3ec3d41b6c04cf13cfbcdfe.jpg</path>
	<source>
		<database>roboflow.ai</database>
	</source>
	<size>
		<width>416</width>
		<height>416</height>
		<depth>3</depth>
	</size>
	<segmented>0</segmented>
	<object>
		<name>masked</name>
		<pose>Unspecified</pose>
		<truncated>0</truncated>
		<difficult>0</difficult>
		<occluded>0</occluded>
		<bndbox>
			<xmin>172</xmin>
			<xmax>258</xmax>
			<ymin>62</ymin>
			<ymax>275</ymax>
		</bndbox>
	</object>
</annotation>
