<annotation>
	<folder></folder>
	<filename>1058_jpg.rf.04c962e2c36ac6a7a763d913d3c999d6.jpg</filename>
	<path>1058_jpg.rf.04c962e2c36ac6a7a763d913d3c999d6.jpg</path>
	<source>
		<database>roboflow.ai</database>
	</source>
	<size>
		<width>416</width>
		<height>416</height>
		<depth>3</depth>
	</size>
	<segmented>0</segmented>
	<object>
		<name>masked</name>
		<pose>Unspecified</pose>
		<truncated>0</truncated>
		<difficult>0</difficult>
		<occluded>0</occluded>
		<bndbox>
			<xmin>90</xmin>
			<xmax>320</xmax>
			<ymin>60</ymin>
			<ymax>416</ymax>
		</bndbox>
	</object>
</annotation>
