<annotation>
	<folder></folder>
	<filename>105_jpg.rf.55dd1f7b7bb2aad55f8ff6ea29cce74f.jpg</filename>
	<path>105_jpg.rf.55dd1f7b7bb2aad55f8ff6ea29cce74f.jpg</path>
	<source>
		<database>roboflow.ai</database>
	</source>
	<size>
		<width>416</width>
		<height>416</height>
		<depth>3</depth>
	</size>
	<segmented>0</segmented>
	<object>
		<name>unmasked</name>
		<pose>Unspecified</pose>
		<truncated>0</truncated>
		<difficult>0</difficult>
		<occluded>0</occluded>
		<bndbox>
			<xmin>46</xmin>
			<xmax>293</xmax>
			<ymin>47</ymin>
			<ymax>298</ymax>
		</bndbox>
	</object>
</annotation>
