<annotation>
	<folder></folder>
	<filename>1067_jpg.rf.3f9c526acccc9a24901d28b7abf2bfad.jpg</filename>
	<path>1067_jpg.rf.3f9c526acccc9a24901d28b7abf2bfad.jpg</path>
	<source>
		<database>roboflow.ai</database>
	</source>
	<size>
		<width>416</width>
		<height>416</height>
		<depth>3</depth>
	</size>
	<segmented>0</segmented>
	<object>
		<name>masked</name>
		<pose>Unspecified</pose>
		<truncated>0</truncated>
		<difficult>0</difficult>
		<occluded>0</occluded>
		<bndbox>
			<xmin>180</xmin>
			<xmax>405</xmax>
			<ymin>41</ymin>
			<ymax>405</ymax>
		</bndbox>
	</object>
</annotation>
