<annotation>
	<folder></folder>
	<filename>1068_png.rf.093e9f9c486849bfa20c440daf91963e.jpg</filename>
	<path>1068_png.rf.093e9f9c486849bfa20c440daf91963e.jpg</path>
	<source>
		<database>roboflow.ai</database>
	</source>
	<size>
		<width>416</width>
		<height>416</height>
		<depth>3</depth>
	</size>
	<segmented>0</segmented>
	<object>
		<name>masked</name>
		<pose>Unspecified</pose>
		<truncated>0</truncated>
		<difficult>0</difficult>
		<occluded>0</occluded>
		<bndbox>
			<xmin>129</xmin>
			<xmax>321</xmax>
			<ymin>28</ymin>
			<ymax>365</ymax>
		</bndbox>
	</object>
</annotation>
