<annotation>
	<folder></folder>
	<filename>106_jpg.rf.622c27cc0f37e37dae855558f4495ad2.jpg</filename>
	<path>106_jpg.rf.622c27cc0f37e37dae855558f4495ad2.jpg</path>
	<source>
		<database>roboflow.ai</database>
	</source>
	<size>
		<width>416</width>
		<height>416</height>
		<depth>3</depth>
	</size>
	<segmented>0</segmented>
	<object>
		<name>unmasked</name>
		<pose>Unspecified</pose>
		<truncated>0</truncated>
		<difficult>0</difficult>
		<occluded>0</occluded>
		<bndbox>
			<xmin>63</xmin>
			<xmax>363</xmax>
			<ymin>52</ymin>
			<ymax>336</ymax>
		</bndbox>
	</object>
</annotation>
