<annotation>
	<folder></folder>
	<filename>107_jpg.rf.0f8059614be0cdea085bed26c88b32a4.jpg</filename>
	<path>107_jpg.rf.0f8059614be0cdea085bed26c88b32a4.jpg</path>
	<source>
		<database>roboflow.ai</database>
	</source>
	<size>
		<width>416</width>
		<height>416</height>
		<depth>3</depth>
	</size>
	<segmented>0</segmented>
	<object>
		<name>unmasked</name>
		<pose>Unspecified</pose>
		<truncated>0</truncated>
		<difficult>0</difficult>
		<occluded>0</occluded>
		<bndbox>
			<xmin>46</xmin>
			<xmax>395</xmax>
			<ymin>39</ymin>
			<ymax>416</ymax>
		</bndbox>
	</object>
</annotation>
