<annotation>
	<folder></folder>
	<filename>1083_jpg.rf.23b668de5762ca728cf091742b8dd655.jpg</filename>
	<path>1083_jpg.rf.23b668de5762ca728cf091742b8dd655.jpg</path>
	<source>
		<database>roboflow.ai</database>
	</source>
	<size>
		<width>416</width>
		<height>416</height>
		<depth>3</depth>
	</size>
	<segmented>0</segmented>
	<object>
		<name>masked</name>
		<pose>Unspecified</pose>
		<truncated>0</truncated>
		<difficult>0</difficult>
		<occluded>0</occluded>
		<bndbox>
			<xmin>50</xmin>
			<xmax>334</xmax>
			<ymin>15</ymin>
			<ymax>331</ymax>
		</bndbox>
	</object>
</annotation>
