<annotation>
	<folder></folder>
	<filename>108_jpg.rf.f0c4ad1feb3fe985c0a44c65170592d2.jpg</filename>
	<path>108_jpg.rf.f0c4ad1feb3fe985c0a44c65170592d2.jpg</path>
	<source>
		<database>roboflow.ai</database>
	</source>
	<size>
		<width>416</width>
		<height>416</height>
		<depth>3</depth>
	</size>
	<segmented>0</segmented>
	<object>
		<name>unmasked</name>
		<pose>Unspecified</pose>
		<truncated>0</truncated>
		<difficult>0</difficult>
		<occluded>0</occluded>
		<bndbox>
			<xmin>74</xmin>
			<xmax>342</xmax>
			<ymin>60</ymin>
			<ymax>342</ymax>
		</bndbox>
	</object>
</annotation>
