<annotation>
	<folder></folder>
	<filename>1095_jpg.rf.2e06a0b5e175799d13f10f450e624738.jpg</filename>
	<path>1095_jpg.rf.2e06a0b5e175799d13f10f450e624738.jpg</path>
	<source>
		<database>roboflow.ai</database>
	</source>
	<size>
		<width>416</width>
		<height>416</height>
		<depth>3</depth>
	</size>
	<segmented>0</segmented>
	<object>
		<name>masked</name>
		<pose>Unspecified</pose>
		<truncated>0</truncated>
		<difficult>0</difficult>
		<occluded>0</occluded>
		<bndbox>
			<xmin>79</xmin>
			<xmax>330</xmax>
			<ymin>46</ymin>
			<ymax>332</ymax>
		</bndbox>
	</object>
</annotation>
