<annotation>
	<folder></folder>
	<filename>1096_jpg.rf.478bdf8aec481bb012014eadb7e4e49d.jpg</filename>
	<path>1096_jpg.rf.478bdf8aec481bb012014eadb7e4e49d.jpg</path>
	<source>
		<database>roboflow.ai</database>
	</source>
	<size>
		<width>416</width>
		<height>416</height>
		<depth>3</depth>
	</size>
	<segmented>0</segmented>
	<object>
		<name>masked</name>
		<pose>Unspecified</pose>
		<truncated>0</truncated>
		<difficult>0</difficult>
		<occluded>0</occluded>
		<bndbox>
			<xmin>66</xmin>
			<xmax>254</xmax>
			<ymin>39</ymin>
			<ymax>383</ymax>
		</bndbox>
	</object>
</annotation>
