<annotation>
	<folder></folder>
	<filename>109_jpg.rf.a1f66919dbefd599718812b841f438d8.jpg</filename>
	<path>109_jpg.rf.a1f66919dbefd599718812b841f438d8.jpg</path>
	<source>
		<database>roboflow.ai</database>
	</source>
	<size>
		<width>416</width>
		<height>416</height>
		<depth>3</depth>
	</size>
	<segmented>0</segmented>
	<object>
		<name>unmasked</name>
		<pose>Unspecified</pose>
		<truncated>0</truncated>
		<difficult>0</difficult>
		<occluded>0</occluded>
		<bndbox>
			<xmin>66</xmin>
			<xmax>303</xmax>
			<ymin>51</ymin>
			<ymax>306</ymax>
		</bndbox>
	</object>
</annotation>
