<annotation>
	<folder></folder>
	<filename>10_jpg.rf.96ba22c7c53bec333f87cfa2819e4114.jpg</filename>
	<path>10_jpg.rf.96ba22c7c53bec333f87cfa2819e4114.jpg</path>
	<source>
		<database>roboflow.ai</database>
	</source>
	<size>
		<width>416</width>
		<height>416</height>
		<depth>3</depth>
	</size>
	<segmented>0</segmented>
	<object>
		<name>unmasked</name>
		<pose>Unspecified</pose>
		<truncated>0</truncated>
		<difficult>0</difficult>
		<occluded>0</occluded>
		<bndbox>
			<xmin>72</xmin>
			<xmax>335</xmax>
			<ymin>62</ymin>
			<ymax>332</ymax>
		</bndbox>
	</object>
</annotation>
