<annotation>
	<folder></folder>
	<filename>1103_png.rf.4717c50af2a051e31a6a63b5dd2f35b5.jpg</filename>
	<path>1103_png.rf.4717c50af2a051e31a6a63b5dd2f35b5.jpg</path>
	<source>
		<database>roboflow.ai</database>
	</source>
	<size>
		<width>416</width>
		<height>416</height>
		<depth>3</depth>
	</size>
	<segmented>0</segmented>
	<object>
		<name>masked</name>
		<pose>Unspecified</pose>
		<truncated>0</truncated>
		<difficult>0</difficult>
		<occluded>0</occluded>
		<bndbox>
			<xmin>119</xmin>
			<xmax>279</xmax>
			<ymin>65</ymin>
			<ymax>278</ymax>
		</bndbox>
	</object>
</annotation>
