<annotation>
	<folder></folder>
	<filename>1106_jpg.rf.bba59f6c81f7b83d0f875495106ca026.jpg</filename>
	<path>1106_jpg.rf.bba59f6c81f7b83d0f875495106ca026.jpg</path>
	<source>
		<database>roboflow.ai</database>
	</source>
	<size>
		<width>416</width>
		<height>416</height>
		<depth>3</depth>
	</size>
	<segmented>0</segmented>
	<object>
		<name>masked</name>
		<pose>Unspecified</pose>
		<truncated>0</truncated>
		<difficult>0</difficult>
		<occluded>0</occluded>
		<bndbox>
			<xmin>62</xmin>
			<xmax>266</xmax>
			<ymin>3</ymin>
			<ymax>301</ymax>
		</bndbox>
	</object>
</annotation>
