<annotation>
	<folder></folder>
	<filename>1107_jpg.rf.32658f081f660e999461e8bb21c60201.jpg</filename>
	<path>1107_jpg.rf.32658f081f660e999461e8bb21c60201.jpg</path>
	<source>
		<database>roboflow.ai</database>
	</source>
	<size>
		<width>416</width>
		<height>416</height>
		<depth>3</depth>
	</size>
	<segmented>0</segmented>
	<object>
		<name>masked</name>
		<pose>Unspecified</pose>
		<truncated>0</truncated>
		<difficult>0</difficult>
		<occluded>0</occluded>
		<bndbox>
			<xmin>115</xmin>
			<xmax>385</xmax>
			<ymin>86</ymin>
			<ymax>352</ymax>
		</bndbox>
	</object>
</annotation>
