<annotation>
	<folder></folder>
	<filename>1109_jpg.rf.f76dd4999aa27bea3f9b2121423a43fa.jpg</filename>
	<path>1109_jpg.rf.f76dd4999aa27bea3f9b2121423a43fa.jpg</path>
	<source>
		<database>roboflow.ai</database>
	</source>
	<size>
		<width>416</width>
		<height>416</height>
		<depth>3</depth>
	</size>
	<segmented>0</segmented>
	<object>
		<name>masked</name>
		<pose>Unspecified</pose>
		<truncated>0</truncated>
		<difficult>0</difficult>
		<occluded>0</occluded>
		<bndbox>
			<xmin>120</xmin>
			<xmax>243</xmax>
			<ymin>45</ymin>
			<ymax>336</ymax>
		</bndbox>
	</object>
</annotation>
