<annotation>
	<folder></folder>
	<filename>110_jpg.rf.70584ab39360db0b7aa9d098f5f3dc7a.jpg</filename>
	<path>110_jpg.rf.70584ab39360db0b7aa9d098f5f3dc7a.jpg</path>
	<source>
		<database>roboflow.ai</database>
	</source>
	<size>
		<width>416</width>
		<height>416</height>
		<depth>3</depth>
	</size>
	<segmented>0</segmented>
	<object>
		<name>unmasked</name>
		<pose>Unspecified</pose>
		<truncated>0</truncated>
		<difficult>0</difficult>
		<occluded>0</occluded>
		<bndbox>
			<xmin>45</xmin>
			<xmax>250</xmax>
			<ymin>57</ymin>
			<ymax>195</ymax>
		</bndbox>
	</object>
</annotation>
