<annotation>
	<folder></folder>
	<filename>1110_jpg.rf.041828e39ad2a3249fb3a34fe5170b6b.jpg</filename>
	<path>1110_jpg.rf.041828e39ad2a3249fb3a34fe5170b6b.jpg</path>
	<source>
		<database>roboflow.ai</database>
	</source>
	<size>
		<width>416</width>
		<height>416</height>
		<depth>3</depth>
	</size>
	<segmented>0</segmented>
	<object>
		<name>masked</name>
		<pose>Unspecified</pose>
		<truncated>0</truncated>
		<difficult>0</difficult>
		<occluded>0</occluded>
		<bndbox>
			<xmin>91</xmin>
			<xmax>307</xmax>
			<ymin>28</ymin>
			<ymax>305</ymax>
		</bndbox>
	</object>
</annotation>
