<annotation>
	<folder></folder>
	<filename>1112_jpg.rf.444b4cd3ce5410809cf98a172565d2d2.jpg</filename>
	<path>1112_jpg.rf.444b4cd3ce5410809cf98a172565d2d2.jpg</path>
	<source>
		<database>roboflow.ai</database>
	</source>
	<size>
		<width>416</width>
		<height>416</height>
		<depth>3</depth>
	</size>
	<segmented>0</segmented>
	<object>
		<name>masked</name>
		<pose>Unspecified</pose>
		<truncated>0</truncated>
		<difficult>0</difficult>
		<occluded>0</occluded>
		<bndbox>
			<xmin>1</xmin>
			<xmax>395</xmax>
			<ymin>32</ymin>
			<ymax>278</ymax>
		</bndbox>
	</object>
</annotation>
