<annotation>
	<folder></folder>
	<filename>1115_jpg.rf.3c51d4a81b20b5edddad6a2b6f7d3e04.jpg</filename>
	<path>1115_jpg.rf.3c51d4a81b20b5edddad6a2b6f7d3e04.jpg</path>
	<source>
		<database>roboflow.ai</database>
	</source>
	<size>
		<width>416</width>
		<height>416</height>
		<depth>3</depth>
	</size>
	<segmented>0</segmented>
	<object>
		<name>masked</name>
		<pose>Unspecified</pose>
		<truncated>0</truncated>
		<difficult>0</difficult>
		<occluded>0</occluded>
		<bndbox>
			<xmin>114</xmin>
			<xmax>387</xmax>
			<ymin>39</ymin>
			<ymax>220</ymax>
		</bndbox>
	</object>
</annotation>
