<annotation>
	<folder></folder>
	<filename>1117_jpg.rf.4a070ef833c279969790beb879f51644.jpg</filename>
	<path>1117_jpg.rf.4a070ef833c279969790beb879f51644.jpg</path>
	<source>
		<database>roboflow.ai</database>
	</source>
	<size>
		<width>416</width>
		<height>416</height>
		<depth>3</depth>
	</size>
	<segmented>0</segmented>
	<object>
		<name>masked</name>
		<pose>Unspecified</pose>
		<truncated>0</truncated>
		<difficult>0</difficult>
		<occluded>0</occluded>
		<bndbox>
			<xmin>44</xmin>
			<xmax>368</xmax>
			<ymin>53</ymin>
			<ymax>376</ymax>
		</bndbox>
	</object>
</annotation>
