<annotation>
	<folder></folder>
	<filename>111_jpg.rf.c587c5b4014a263ed1f4cb3caf3e353e.jpg</filename>
	<path>111_jpg.rf.c587c5b4014a263ed1f4cb3caf3e353e.jpg</path>
	<source>
		<database>roboflow.ai</database>
	</source>
	<size>
		<width>416</width>
		<height>416</height>
		<depth>3</depth>
	</size>
	<segmented>0</segmented>
	<object>
		<name>unmasked</name>
		<pose>Unspecified</pose>
		<truncated>0</truncated>
		<difficult>0</difficult>
		<occluded>0</occluded>
		<bndbox>
			<xmin>71</xmin>
			<xmax>291</xmax>
			<ymin>51</ymin>
			<ymax>316</ymax>
		</bndbox>
	</object>
</annotation>
