<annotation>
	<folder></folder>
	<filename>112_jpg.rf.406fad397147e91552a2685f19033afc.jpg</filename>
	<path>112_jpg.rf.406fad397147e91552a2685f19033afc.jpg</path>
	<source>
		<database>roboflow.ai</database>
	</source>
	<size>
		<width>416</width>
		<height>416</height>
		<depth>3</depth>
	</size>
	<segmented>0</segmented>
	<object>
		<name>unmasked</name>
		<pose>Unspecified</pose>
		<truncated>0</truncated>
		<difficult>0</difficult>
		<occluded>0</occluded>
		<bndbox>
			<xmin>93</xmin>
			<xmax>348</xmax>
			<ymin>43</ymin>
			<ymax>266</ymax>
		</bndbox>
	</object>
</annotation>
