<annotation>
	<folder></folder>
	<filename>1132_jpg.rf.a6d0b9bf92819715c19a113552d8c22e.jpg</filename>
	<path>1132_jpg.rf.a6d0b9bf92819715c19a113552d8c22e.jpg</path>
	<source>
		<database>roboflow.ai</database>
	</source>
	<size>
		<width>416</width>
		<height>416</height>
		<depth>3</depth>
	</size>
	<segmented>0</segmented>
	<object>
		<name>masked</name>
		<pose>Unspecified</pose>
		<truncated>0</truncated>
		<difficult>0</difficult>
		<occluded>0</occluded>
		<bndbox>
			<xmin>134</xmin>
			<xmax>307</xmax>
			<ymin>23</ymin>
			<ymax>341</ymax>
		</bndbox>
	</object>
</annotation>
