<annotation>
	<folder></folder>
	<filename>1133_jpg.rf.86e33e12e4ed421455cefba0431143e8.jpg</filename>
	<path>1133_jpg.rf.86e33e12e4ed421455cefba0431143e8.jpg</path>
	<source>
		<database>roboflow.ai</database>
	</source>
	<size>
		<width>416</width>
		<height>416</height>
		<depth>3</depth>
	</size>
	<segmented>0</segmented>
	<object>
		<name>masked</name>
		<pose>Unspecified</pose>
		<truncated>0</truncated>
		<difficult>0</difficult>
		<occluded>0</occluded>
		<bndbox>
			<xmin>29</xmin>
			<xmax>201</xmax>
			<ymin>62</ymin>
			<ymax>352</ymax>
		</bndbox>
	</object>
</annotation>
