<annotation>
	<folder></folder>
	<filename>1135_jpg.rf.414851cd16176c1110e4cec70d29e455.jpg</filename>
	<path>1135_jpg.rf.414851cd16176c1110e4cec70d29e455.jpg</path>
	<source>
		<database>roboflow.ai</database>
	</source>
	<size>
		<width>416</width>
		<height>416</height>
		<depth>3</depth>
	</size>
	<segmented>0</segmented>
	<object>
		<name>masked</name>
		<pose>Unspecified</pose>
		<truncated>0</truncated>
		<difficult>0</difficult>
		<occluded>0</occluded>
		<bndbox>
			<xmin>64</xmin>
			<xmax>228</xmax>
			<ymin>62</ymin>
			<ymax>400</ymax>
		</bndbox>
	</object>
</annotation>
