<annotation>
	<folder></folder>
	<filename>1136_jpg.rf.627d63501707ef575d9784ed6a58598e.jpg</filename>
	<path>1136_jpg.rf.627d63501707ef575d9784ed6a58598e.jpg</path>
	<source>
		<database>roboflow.ai</database>
	</source>
	<size>
		<width>416</width>
		<height>416</height>
		<depth>3</depth>
	</size>
	<segmented>0</segmented>
	<object>
		<name>masked</name>
		<pose>Unspecified</pose>
		<truncated>0</truncated>
		<difficult>0</difficult>
		<occluded>0</occluded>
		<bndbox>
			<xmin>129</xmin>
			<xmax>300</xmax>
			<ymin>45</ymin>
			<ymax>411</ymax>
		</bndbox>
	</object>
</annotation>
