<annotation>
	<folder></folder>
	<filename>1137_jpg.rf.679606199a190983232ee5418fe4a611.jpg</filename>
	<path>1137_jpg.rf.679606199a190983232ee5418fe4a611.jpg</path>
	<source>
		<database>roboflow.ai</database>
	</source>
	<size>
		<width>416</width>
		<height>416</height>
		<depth>3</depth>
	</size>
	<segmented>0</segmented>
	<object>
		<name>masked</name>
		<pose>Unspecified</pose>
		<truncated>0</truncated>
		<difficult>0</difficult>
		<occluded>0</occluded>
		<bndbox>
			<xmin>144</xmin>
			<xmax>253</xmax>
			<ymin>47</ymin>
			<ymax>245</ymax>
		</bndbox>
	</object>
</annotation>
