<annotation>
	<folder></folder>
	<filename>114_jpg.rf.da4319ca9ed98f97e36db72901e9f67d.jpg</filename>
	<path>114_jpg.rf.da4319ca9ed98f97e36db72901e9f67d.jpg</path>
	<source>
		<database>roboflow.ai</database>
	</source>
	<size>
		<width>416</width>
		<height>416</height>
		<depth>3</depth>
	</size>
	<segmented>0</segmented>
	<object>
		<name>unmasked</name>
		<pose>Unspecified</pose>
		<truncated>0</truncated>
		<difficult>0</difficult>
		<occluded>0</occluded>
		<bndbox>
			<xmin>78</xmin>
			<xmax>387</xmax>
			<ymin>15</ymin>
			<ymax>358</ymax>
		</bndbox>
	</object>
</annotation>
