<annotation>
	<folder></folder>
	<filename>1154_jpg.rf.e08c98c8dc84a710d10050254f8f7770.jpg</filename>
	<path>1154_jpg.rf.e08c98c8dc84a710d10050254f8f7770.jpg</path>
	<source>
		<database>roboflow.ai</database>
	</source>
	<size>
		<width>416</width>
		<height>416</height>
		<depth>3</depth>
	</size>
	<segmented>0</segmented>
	<object>
		<name>masked</name>
		<pose>Unspecified</pose>
		<truncated>0</truncated>
		<difficult>0</difficult>
		<occluded>0</occluded>
		<bndbox>
			<xmin>61</xmin>
			<xmax>319</xmax>
			<ymin>68</ymin>
			<ymax>317</ymax>
		</bndbox>
	</object>
</annotation>
