<annotation>
	<folder></folder>
	<filename>1155_jpg.rf.35e983a05e98b079ab244e0eb06ccd52.jpg</filename>
	<path>1155_jpg.rf.35e983a05e98b079ab244e0eb06ccd52.jpg</path>
	<source>
		<database>roboflow.ai</database>
	</source>
	<size>
		<width>416</width>
		<height>416</height>
		<depth>3</depth>
	</size>
	<segmented>0</segmented>
	<object>
		<name>masked</name>
		<pose>Unspecified</pose>
		<truncated>0</truncated>
		<difficult>0</difficult>
		<occluded>0</occluded>
		<bndbox>
			<xmin>24</xmin>
			<xmax>326</xmax>
			<ymin>31</ymin>
			<ymax>270</ymax>
		</bndbox>
	</object>
</annotation>
