<annotation>
	<folder></folder>
	<filename>1159_jpg.rf.a598fe26f3e9090c2d5e75b90697b1f6.jpg</filename>
	<path>1159_jpg.rf.a598fe26f3e9090c2d5e75b90697b1f6.jpg</path>
	<source>
		<database>roboflow.ai</database>
	</source>
	<size>
		<width>416</width>
		<height>416</height>
		<depth>3</depth>
	</size>
	<segmented>0</segmented>
	<object>
		<name>masked</name>
		<pose>Unspecified</pose>
		<truncated>0</truncated>
		<difficult>0</difficult>
		<occluded>0</occluded>
		<bndbox>
			<xmin>86</xmin>
			<xmax>282</xmax>
			<ymin>14</ymin>
			<ymax>335</ymax>
		</bndbox>
	</object>
</annotation>
