<annotation>
	<folder></folder>
	<filename>115_jpg.rf.3b07cb403a037d6a56d68aae1d156658.jpg</filename>
	<path>115_jpg.rf.3b07cb403a037d6a56d68aae1d156658.jpg</path>
	<source>
		<database>roboflow.ai</database>
	</source>
	<size>
		<width>416</width>
		<height>416</height>
		<depth>3</depth>
	</size>
	<segmented>0</segmented>
	<object>
		<name>unmasked</name>
		<pose>Unspecified</pose>
		<truncated>0</truncated>
		<difficult>0</difficult>
		<occluded>0</occluded>
		<bndbox>
			<xmin>47</xmin>
			<xmax>385</xmax>
			<ymin>49</ymin>
			<ymax>357</ymax>
		</bndbox>
	</object>
</annotation>
