<annotation>
	<folder></folder>
	<filename>1160_jpg.rf.98dfb76c600055a00857cb384ee32f53.jpg</filename>
	<path>1160_jpg.rf.98dfb76c600055a00857cb384ee32f53.jpg</path>
	<source>
		<database>roboflow.ai</database>
	</source>
	<size>
		<width>416</width>
		<height>416</height>
		<depth>3</depth>
	</size>
	<segmented>0</segmented>
	<object>
		<name>masked</name>
		<pose>Unspecified</pose>
		<truncated>0</truncated>
		<difficult>0</difficult>
		<occluded>0</occluded>
		<bndbox>
			<xmin>104</xmin>
			<xmax>328</xmax>
			<ymin>49</ymin>
			<ymax>323</ymax>
		</bndbox>
	</object>
</annotation>
