<annotation>
	<folder></folder>
	<filename>1166_jpg.rf.938a2d75a7864947fe7554ab5d112119.jpg</filename>
	<path>1166_jpg.rf.938a2d75a7864947fe7554ab5d112119.jpg</path>
	<source>
		<database>roboflow.ai</database>
	</source>
	<size>
		<width>416</width>
		<height>416</height>
		<depth>3</depth>
	</size>
	<segmented>0</segmented>
	<object>
		<name>masked</name>
		<pose>Unspecified</pose>
		<truncated>0</truncated>
		<difficult>0</difficult>
		<occluded>0</occluded>
		<bndbox>
			<xmin>154</xmin>
			<xmax>291</xmax>
			<ymin>27</ymin>
			<ymax>326</ymax>
		</bndbox>
	</object>
</annotation>
