<annotation>
	<folder></folder>
	<filename>116_jpg.rf.9112aafe9ddfb26d0f1c913891ed08b7.jpg</filename>
	<path>116_jpg.rf.9112aafe9ddfb26d0f1c913891ed08b7.jpg</path>
	<source>
		<database>roboflow.ai</database>
	</source>
	<size>
		<width>416</width>
		<height>416</height>
		<depth>3</depth>
	</size>
	<segmented>0</segmented>
	<object>
		<name>unmasked</name>
		<pose>Unspecified</pose>
		<truncated>0</truncated>
		<difficult>0</difficult>
		<occluded>0</occluded>
		<bndbox>
			<xmin>133</xmin>
			<xmax>302</xmax>
			<ymin>47</ymin>
			<ymax>203</ymax>
		</bndbox>
	</object>
</annotation>
