<annotation>
	<folder></folder>
	<filename>1172_jpg.rf.6628f54c81e44b1af3a6f5d2c3d9fc19.jpg</filename>
	<path>1172_jpg.rf.6628f54c81e44b1af3a6f5d2c3d9fc19.jpg</path>
	<source>
		<database>roboflow.ai</database>
	</source>
	<size>
		<width>416</width>
		<height>416</height>
		<depth>3</depth>
	</size>
	<segmented>0</segmented>
	<object>
		<name>masked</name>
		<pose>Unspecified</pose>
		<truncated>0</truncated>
		<difficult>0</difficult>
		<occluded>0</occluded>
		<bndbox>
			<xmin>58</xmin>
			<xmax>237</xmax>
			<ymin>72</ymin>
			<ymax>285</ymax>
		</bndbox>
	</object>
</annotation>
