<annotation>
	<folder></folder>
	<filename>1173_jpg.rf.a1a38c59c1cceda04589aad8ef60d3a8.jpg</filename>
	<path>1173_jpg.rf.a1a38c59c1cceda04589aad8ef60d3a8.jpg</path>
	<source>
		<database>roboflow.ai</database>
	</source>
	<size>
		<width>416</width>
		<height>416</height>
		<depth>3</depth>
	</size>
	<segmented>0</segmented>
	<object>
		<name>masked</name>
		<pose>Unspecified</pose>
		<truncated>0</truncated>
		<difficult>0</difficult>
		<occluded>0</occluded>
		<bndbox>
			<xmin>62</xmin>
			<xmax>234</xmax>
			<ymin>25</ymin>
			<ymax>345</ymax>
		</bndbox>
	</object>
</annotation>
