<annotation>
	<folder></folder>
	<filename>117_jpg.rf.e400fc2a761edd13f9f947462d0935cf.jpg</filename>
	<path>117_jpg.rf.e400fc2a761edd13f9f947462d0935cf.jpg</path>
	<source>
		<database>roboflow.ai</database>
	</source>
	<size>
		<width>416</width>
		<height>416</height>
		<depth>3</depth>
	</size>
	<segmented>0</segmented>
	<object>
		<name>unmasked</name>
		<pose>Unspecified</pose>
		<truncated>0</truncated>
		<difficult>0</difficult>
		<occluded>0</occluded>
		<bndbox>
			<xmin>43</xmin>
			<xmax>387</xmax>
			<ymin>11</ymin>
			<ymax>367</ymax>
		</bndbox>
	</object>
</annotation>
