<annotation>
	<folder></folder>
	<filename>118_jpg.rf.d07c64a02dc5e93fe151ca0ef8e83b7d.jpg</filename>
	<path>118_jpg.rf.d07c64a02dc5e93fe151ca0ef8e83b7d.jpg</path>
	<source>
		<database>roboflow.ai</database>
	</source>
	<size>
		<width>416</width>
		<height>416</height>
		<depth>3</depth>
	</size>
	<segmented>0</segmented>
	<object>
		<name>unmasked</name>
		<pose>Unspecified</pose>
		<truncated>0</truncated>
		<difficult>0</difficult>
		<occluded>0</occluded>
		<bndbox>
			<xmin>51</xmin>
			<xmax>340</xmax>
			<ymin>29</ymin>
			<ymax>277</ymax>
		</bndbox>
	</object>
</annotation>
