<annotation>
	<folder></folder>
	<filename>119_jpg.rf.2c549b2d25fc41792938b3ab90671d2b.jpg</filename>
	<path>119_jpg.rf.2c549b2d25fc41792938b3ab90671d2b.jpg</path>
	<source>
		<database>roboflow.ai</database>
	</source>
	<size>
		<width>416</width>
		<height>416</height>
		<depth>3</depth>
	</size>
	<segmented>0</segmented>
	<object>
		<name>unmasked</name>
		<pose>Unspecified</pose>
		<truncated>0</truncated>
		<difficult>0</difficult>
		<occluded>0</occluded>
		<bndbox>
			<xmin>57</xmin>
			<xmax>392</xmax>
			<ymin>37</ymin>
			<ymax>364</ymax>
		</bndbox>
	</object>
</annotation>
