<annotation>
	<folder></folder>
	<filename>11_jpg.rf.92bf59da0e68a999c5db3fee4a43ad71.jpg</filename>
	<path>11_jpg.rf.92bf59da0e68a999c5db3fee4a43ad71.jpg</path>
	<source>
		<database>roboflow.ai</database>
	</source>
	<size>
		<width>416</width>
		<height>416</height>
		<depth>3</depth>
	</size>
	<segmented>0</segmented>
	<object>
		<name>unmasked</name>
		<pose>Unspecified</pose>
		<truncated>0</truncated>
		<difficult>0</difficult>
		<occluded>0</occluded>
		<bndbox>
			<xmin>97</xmin>
			<xmax>328</xmax>
			<ymin>74</ymin>
			<ymax>349</ymax>
		</bndbox>
	</object>
</annotation>
