<annotation>
	<folder></folder>
	<filename>120_jpg.rf.76d4a7216b0899591690c3b09a95af5d.jpg</filename>
	<path>120_jpg.rf.76d4a7216b0899591690c3b09a95af5d.jpg</path>
	<source>
		<database>roboflow.ai</database>
	</source>
	<size>
		<width>416</width>
		<height>416</height>
		<depth>3</depth>
	</size>
	<segmented>0</segmented>
	<object>
		<name>unmasked</name>
		<pose>Unspecified</pose>
		<truncated>0</truncated>
		<difficult>0</difficult>
		<occluded>0</occluded>
		<bndbox>
			<xmin>32</xmin>
			<xmax>416</xmax>
			<ymin>48</ymin>
			<ymax>392</ymax>
		</bndbox>
	</object>
</annotation>
