<annotation>
	<folder></folder>
	<filename>1214_jpg.rf.e089dfbc84f4f3915b1fa707a27325b6.jpg</filename>
	<path>1214_jpg.rf.e089dfbc84f4f3915b1fa707a27325b6.jpg</path>
	<source>
		<database>roboflow.ai</database>
	</source>
	<size>
		<width>416</width>
		<height>416</height>
		<depth>3</depth>
	</size>
	<segmented>0</segmented>
	<object>
		<name>masked</name>
		<pose>Unspecified</pose>
		<truncated>0</truncated>
		<difficult>0</difficult>
		<occluded>0</occluded>
		<bndbox>
			<xmin>162</xmin>
			<xmax>261</xmax>
			<ymin>91</ymin>
			<ymax>280</ymax>
		</bndbox>
	</object>
</annotation>
