<annotation>
	<folder></folder>
	<filename>122_jpg.rf.b131b72fddd313d48455526ee1089269.jpg</filename>
	<path>122_jpg.rf.b131b72fddd313d48455526ee1089269.jpg</path>
	<source>
		<database>roboflow.ai</database>
	</source>
	<size>
		<width>416</width>
		<height>416</height>
		<depth>3</depth>
	</size>
	<segmented>0</segmented>
	<object>
		<name>unmasked</name>
		<pose>Unspecified</pose>
		<truncated>0</truncated>
		<difficult>0</difficult>
		<occluded>0</occluded>
		<bndbox>
			<xmin>75</xmin>
			<xmax>396</xmax>
			<ymin>14</ymin>
			<ymax>365</ymax>
		</bndbox>
	</object>
</annotation>
