<annotation>
	<folder></folder>
	<filename>1234_jpg.rf.705c54b16359274f07819fc8af5a415d.jpg</filename>
	<path>1234_jpg.rf.705c54b16359274f07819fc8af5a415d.jpg</path>
	<source>
		<database>roboflow.ai</database>
	</source>
	<size>
		<width>416</width>
		<height>416</height>
		<depth>3</depth>
	</size>
	<segmented>0</segmented>
	<object>
		<name>masked</name>
		<pose>Unspecified</pose>
		<truncated>0</truncated>
		<difficult>0</difficult>
		<occluded>0</occluded>
		<bndbox>
			<xmin>124</xmin>
			<xmax>417</xmax>
			<ymin>1</ymin>
			<ymax>376</ymax>
		</bndbox>
	</object>
</annotation>
