<annotation>
	<folder></folder>
	<filename>123_jpg.rf.2247c3056892cfb5ab2e216ce0bfab1c.jpg</filename>
	<path>123_jpg.rf.2247c3056892cfb5ab2e216ce0bfab1c.jpg</path>
	<source>
		<database>roboflow.ai</database>
	</source>
	<size>
		<width>416</width>
		<height>416</height>
		<depth>3</depth>
	</size>
	<segmented>0</segmented>
	<object>
		<name>unmasked</name>
		<pose>Unspecified</pose>
		<truncated>0</truncated>
		<difficult>0</difficult>
		<occluded>0</occluded>
		<bndbox>
			<xmin>50</xmin>
			<xmax>374</xmax>
			<ymin>29</ymin>
			<ymax>363</ymax>
		</bndbox>
	</object>
</annotation>
