<annotation>
	<folder></folder>
	<filename>1243_jpg.rf.5e1b3b4efa73336932850759871a630a.jpg</filename>
	<path>1243_jpg.rf.5e1b3b4efa73336932850759871a630a.jpg</path>
	<source>
		<database>roboflow.ai</database>
	</source>
	<size>
		<width>416</width>
		<height>416</height>
		<depth>3</depth>
	</size>
	<segmented>0</segmented>
	<object>
		<name>masked</name>
		<pose>Unspecified</pose>
		<truncated>0</truncated>
		<difficult>0</difficult>
		<occluded>0</occluded>
		<bndbox>
			<xmin>26</xmin>
			<xmax>411</xmax>
			<ymin>1</ymin>
			<ymax>285</ymax>
		</bndbox>
	</object>
</annotation>
