<annotation>
	<folder></folder>
	<filename>1246_jpg.rf.56f718893323a9e306d1850ae384db62.jpg</filename>
	<path>1246_jpg.rf.56f718893323a9e306d1850ae384db62.jpg</path>
	<source>
		<database>roboflow.ai</database>
	</source>
	<size>
		<width>416</width>
		<height>416</height>
		<depth>3</depth>
	</size>
	<segmented>0</segmented>
	<object>
		<name>masked</name>
		<pose>Unspecified</pose>
		<truncated>0</truncated>
		<difficult>0</difficult>
		<occluded>0</occluded>
		<bndbox>
			<xmin>126</xmin>
			<xmax>285</xmax>
			<ymin>18</ymin>
			<ymax>274</ymax>
		</bndbox>
	</object>
</annotation>
