<annotation>
	<folder></folder>
	<filename>1247_jpg.rf.d17b7565bc8c40735db124cef5606ee9.jpg</filename>
	<path>1247_jpg.rf.d17b7565bc8c40735db124cef5606ee9.jpg</path>
	<source>
		<database>roboflow.ai</database>
	</source>
	<size>
		<width>416</width>
		<height>416</height>
		<depth>3</depth>
	</size>
	<segmented>0</segmented>
	<object>
		<name>masked</name>
		<pose>Unspecified</pose>
		<truncated>0</truncated>
		<difficult>0</difficult>
		<occluded>0</occluded>
		<bndbox>
			<xmin>68</xmin>
			<xmax>356</xmax>
			<ymin>1</ymin>
			<ymax>356</ymax>
		</bndbox>
	</object>
</annotation>
