<annotation>
	<folder></folder>
	<filename>124_jpg.rf.0703a306d54f1b5d7d521d1a99773aec.jpg</filename>
	<path>124_jpg.rf.0703a306d54f1b5d7d521d1a99773aec.jpg</path>
	<source>
		<database>roboflow.ai</database>
	</source>
	<size>
		<width>416</width>
		<height>416</height>
		<depth>3</depth>
	</size>
	<segmented>0</segmented>
	<object>
		<name>unmasked</name>
		<pose>Unspecified</pose>
		<truncated>0</truncated>
		<difficult>0</difficult>
		<occluded>0</occluded>
		<bndbox>
			<xmin>76</xmin>
			<xmax>400</xmax>
			<ymin>38</ymin>
			<ymax>370</ymax>
		</bndbox>
	</object>
</annotation>
