<annotation>
	<folder></folder>
	<filename>1251_jpg.rf.f669a7fa0653ef188372dd24886d4ce2.jpg</filename>
	<path>1251_jpg.rf.f669a7fa0653ef188372dd24886d4ce2.jpg</path>
	<source>
		<database>roboflow.ai</database>
	</source>
	<size>
		<width>416</width>
		<height>416</height>
		<depth>3</depth>
	</size>
	<segmented>0</segmented>
	<object>
		<name>masked</name>
		<pose>Unspecified</pose>
		<truncated>0</truncated>
		<difficult>0</difficult>
		<occluded>0</occluded>
		<bndbox>
			<xmin>128</xmin>
			<xmax>329</xmax>
			<ymin>14</ymin>
			<ymax>390</ymax>
		</bndbox>
	</object>
</annotation>
