<annotation>
	<folder></folder>
	<filename>1255_jpg.rf.10652b7eb757754bdde70638272ff5f4.jpg</filename>
	<path>1255_jpg.rf.10652b7eb757754bdde70638272ff5f4.jpg</path>
	<source>
		<database>roboflow.ai</database>
	</source>
	<size>
		<width>416</width>
		<height>416</height>
		<depth>3</depth>
	</size>
	<segmented>0</segmented>
	<object>
		<name>masked</name>
		<pose>Unspecified</pose>
		<truncated>0</truncated>
		<difficult>0</difficult>
		<occluded>0</occluded>
		<bndbox>
			<xmin>185</xmin>
			<xmax>285</xmax>
			<ymin>80</ymin>
			<ymax>224</ymax>
		</bndbox>
	</object>
</annotation>
