<annotation>
	<folder></folder>
	<filename>125_jpg.rf.e5588df6731b1a9f5b8e39880adbd119.jpg</filename>
	<path>125_jpg.rf.e5588df6731b1a9f5b8e39880adbd119.jpg</path>
	<source>
		<database>roboflow.ai</database>
	</source>
	<size>
		<width>416</width>
		<height>416</height>
		<depth>3</depth>
	</size>
	<segmented>0</segmented>
	<object>
		<name>unmasked</name>
		<pose>Unspecified</pose>
		<truncated>0</truncated>
		<difficult>0</difficult>
		<occluded>0</occluded>
		<bndbox>
			<xmin>61</xmin>
			<xmax>341</xmax>
			<ymin>67</ymin>
			<ymax>344</ymax>
		</bndbox>
	</object>
</annotation>
