<annotation>
	<folder></folder>
	<filename>1264_jpg.rf.3effaf82183eb517e03778a91697ead0.jpg</filename>
	<path>1264_jpg.rf.3effaf82183eb517e03778a91697ead0.jpg</path>
	<source>
		<database>roboflow.ai</database>
	</source>
	<size>
		<width>416</width>
		<height>416</height>
		<depth>3</depth>
	</size>
	<segmented>0</segmented>
	<object>
		<name>masked</name>
		<pose>Unspecified</pose>
		<truncated>0</truncated>
		<difficult>0</difficult>
		<occluded>0</occluded>
		<bndbox>
			<xmin>132</xmin>
			<xmax>288</xmax>
			<ymin>141</ymin>
			<ymax>362</ymax>
		</bndbox>
	</object>
</annotation>
