<annotation>
	<folder></folder>
	<filename>1278_jpg.rf.737a2faf484ebdafb0152565a541336e.jpg</filename>
	<path>1278_jpg.rf.737a2faf484ebdafb0152565a541336e.jpg</path>
	<source>
		<database>roboflow.ai</database>
	</source>
	<size>
		<width>416</width>
		<height>416</height>
		<depth>3</depth>
	</size>
	<segmented>0</segmented>
	<object>
		<name>masked</name>
		<pose>Unspecified</pose>
		<truncated>0</truncated>
		<difficult>0</difficult>
		<occluded>0</occluded>
		<bndbox>
			<xmin>131</xmin>
			<xmax>271</xmax>
			<ymin>21</ymin>
			<ymax>251</ymax>
		</bndbox>
	</object>
</annotation>
