<annotation>
	<folder></folder>
	<filename>1279_jpg.rf.34b9a4513bdea240b25e3719f4d88a62.jpg</filename>
	<path>1279_jpg.rf.34b9a4513bdea240b25e3719f4d88a62.jpg</path>
	<source>
		<database>roboflow.ai</database>
	</source>
	<size>
		<width>416</width>
		<height>416</height>
		<depth>3</depth>
	</size>
	<segmented>0</segmented>
	<object>
		<name>masked</name>
		<pose>Unspecified</pose>
		<truncated>0</truncated>
		<difficult>0</difficult>
		<occluded>0</occluded>
		<bndbox>
			<xmin>178</xmin>
			<xmax>291</xmax>
			<ymin>5</ymin>
			<ymax>300</ymax>
		</bndbox>
	</object>
</annotation>
