<annotation>
	<folder></folder>
	<filename>127_jpg.rf.9d7f528ee495bfc345fc611a7c9ccb5b.jpg</filename>
	<path>127_jpg.rf.9d7f528ee495bfc345fc611a7c9ccb5b.jpg</path>
	<source>
		<database>roboflow.ai</database>
	</source>
	<size>
		<width>416</width>
		<height>416</height>
		<depth>3</depth>
	</size>
	<segmented>0</segmented>
	<object>
		<name>unmasked</name>
		<pose>Unspecified</pose>
		<truncated>0</truncated>
		<difficult>0</difficult>
		<occluded>0</occluded>
		<bndbox>
			<xmin>49</xmin>
			<xmax>371</xmax>
			<ymin>1</ymin>
			<ymax>331</ymax>
		</bndbox>
	</object>
</annotation>
