<annotation>
	<folder></folder>
	<filename>1280_jpg.rf.5c5c473cc4a431929cd6a50b7e298909.jpg</filename>
	<path>1280_jpg.rf.5c5c473cc4a431929cd6a50b7e298909.jpg</path>
	<source>
		<database>roboflow.ai</database>
	</source>
	<size>
		<width>416</width>
		<height>416</height>
		<depth>3</depth>
	</size>
	<segmented>0</segmented>
	<object>
		<name>masked</name>
		<pose>Unspecified</pose>
		<truncated>0</truncated>
		<difficult>0</difficult>
		<occluded>0</occluded>
		<bndbox>
			<xmin>107</xmin>
			<xmax>345</xmax>
			<ymin>29</ymin>
			<ymax>416</ymax>
		</bndbox>
	</object>
</annotation>
