<annotation>
	<folder></folder>
	<filename>128_jpg.rf.e3bbc5163e99c27bef550500c021c596.jpg</filename>
	<path>128_jpg.rf.e3bbc5163e99c27bef550500c021c596.jpg</path>
	<source>
		<database>roboflow.ai</database>
	</source>
	<size>
		<width>416</width>
		<height>416</height>
		<depth>3</depth>
	</size>
	<segmented>0</segmented>
	<object>
		<name>unmasked</name>
		<pose>Unspecified</pose>
		<truncated>0</truncated>
		<difficult>0</difficult>
		<occluded>0</occluded>
		<bndbox>
			<xmin>64</xmin>
			<xmax>333</xmax>
			<ymin>32</ymin>
			<ymax>354</ymax>
		</bndbox>
	</object>
</annotation>
