<annotation>
	<folder></folder>
	<filename>1290_jpg.rf.ae9650862093bfe785b030e5d77807d7.jpg</filename>
	<path>1290_jpg.rf.ae9650862093bfe785b030e5d77807d7.jpg</path>
	<source>
		<database>roboflow.ai</database>
	</source>
	<size>
		<width>416</width>
		<height>416</height>
		<depth>3</depth>
	</size>
	<segmented>0</segmented>
	<object>
		<name>masked</name>
		<pose>Unspecified</pose>
		<truncated>0</truncated>
		<difficult>0</difficult>
		<occluded>0</occluded>
		<bndbox>
			<xmin>107</xmin>
			<xmax>262</xmax>
			<ymin>27</ymin>
			<ymax>240</ymax>
		</bndbox>
	</object>
</annotation>
