<annotation>
	<folder></folder>
	<filename>1291_jpg.rf.b8d92a4b819aab571d498a8bbf149156.jpg</filename>
	<path>1291_jpg.rf.b8d92a4b819aab571d498a8bbf149156.jpg</path>
	<source>
		<database>roboflow.ai</database>
	</source>
	<size>
		<width>416</width>
		<height>416</height>
		<depth>3</depth>
	</size>
	<segmented>0</segmented>
	<object>
		<name>masked</name>
		<pose>Unspecified</pose>
		<truncated>0</truncated>
		<difficult>0</difficult>
		<occluded>0</occluded>
		<bndbox>
			<xmin>145</xmin>
			<xmax>283</xmax>
			<ymin>37</ymin>
			<ymax>273</ymax>
		</bndbox>
	</object>
</annotation>
