<annotation>
	<folder></folder>
	<filename>129_jpg.rf.75650933338f48aa05f5df256cd364be.jpg</filename>
	<path>129_jpg.rf.75650933338f48aa05f5df256cd364be.jpg</path>
	<source>
		<database>roboflow.ai</database>
	</source>
	<size>
		<width>416</width>
		<height>416</height>
		<depth>3</depth>
	</size>
	<segmented>0</segmented>
	<object>
		<name>unmasked</name>
		<pose>Unspecified</pose>
		<truncated>0</truncated>
		<difficult>0</difficult>
		<occluded>0</occluded>
		<bndbox>
			<xmin>83</xmin>
			<xmax>370</xmax>
			<ymin>81</ymin>
			<ymax>395</ymax>
		</bndbox>
	</object>
</annotation>
