<annotation>
	<folder></folder>
	<filename>12_jpg.rf.3336e76ec1888fe0e9d55fd3882e84c6.jpg</filename>
	<path>12_jpg.rf.3336e76ec1888fe0e9d55fd3882e84c6.jpg</path>
	<source>
		<database>roboflow.ai</database>
	</source>
	<size>
		<width>416</width>
		<height>416</height>
		<depth>3</depth>
	</size>
	<segmented>0</segmented>
	<object>
		<name>unmasked</name>
		<pose>Unspecified</pose>
		<truncated>0</truncated>
		<difficult>0</difficult>
		<occluded>0</occluded>
		<bndbox>
			<xmin>100</xmin>
			<xmax>387</xmax>
			<ymin>47</ymin>
			<ymax>343</ymax>
		</bndbox>
	</object>
</annotation>
