<annotation>
	<folder></folder>
	<filename>130_jpg.rf.a38ec498aef675c6d78f580390285deb.jpg</filename>
	<path>130_jpg.rf.a38ec498aef675c6d78f580390285deb.jpg</path>
	<source>
		<database>roboflow.ai</database>
	</source>
	<size>
		<width>416</width>
		<height>416</height>
		<depth>3</depth>
	</size>
	<segmented>0</segmented>
	<object>
		<name>unmasked</name>
		<pose>Unspecified</pose>
		<truncated>0</truncated>
		<difficult>0</difficult>
		<occluded>0</occluded>
		<bndbox>
			<xmin>100</xmin>
			<xmax>327</xmax>
			<ymin>1</ymin>
			<ymax>253</ymax>
		</bndbox>
	</object>
</annotation>
