<annotation>
	<folder></folder>
	<filename>131_jpg.rf.cbcfb0ef1c1b6db7ebabb7f605de1dc5.jpg</filename>
	<path>131_jpg.rf.cbcfb0ef1c1b6db7ebabb7f605de1dc5.jpg</path>
	<source>
		<database>roboflow.ai</database>
	</source>
	<size>
		<width>416</width>
		<height>416</height>
		<depth>3</depth>
	</size>
	<segmented>0</segmented>
	<object>
		<name>unmasked</name>
		<pose>Unspecified</pose>
		<truncated>0</truncated>
		<difficult>0</difficult>
		<occluded>0</occluded>
		<bndbox>
			<xmin>99</xmin>
			<xmax>388</xmax>
			<ymin>43</ymin>
			<ymax>386</ymax>
		</bndbox>
	</object>
</annotation>
