<annotation>
	<folder></folder>
	<filename>1323_jpg.rf.0cd12221efd356c13603b8c865011dd5.jpg</filename>
	<path>1323_jpg.rf.0cd12221efd356c13603b8c865011dd5.jpg</path>
	<source>
		<database>roboflow.ai</database>
	</source>
	<size>
		<width>416</width>
		<height>416</height>
		<depth>3</depth>
	</size>
	<segmented>0</segmented>
	<object>
		<name>masked</name>
		<pose>Unspecified</pose>
		<truncated>0</truncated>
		<difficult>0</difficult>
		<occluded>0</occluded>
		<bndbox>
			<xmin>200</xmin>
			<xmax>301</xmax>
			<ymin>96</ymin>
			<ymax>338</ymax>
		</bndbox>
	</object>
</annotation>
