<annotation>
	<folder></folder>
	<filename>132_jpg.rf.9c17a5dda144169eb42f5f8be8980fdc.jpg</filename>
	<path>132_jpg.rf.9c17a5dda144169eb42f5f8be8980fdc.jpg</path>
	<source>
		<database>roboflow.ai</database>
	</source>
	<size>
		<width>416</width>
		<height>416</height>
		<depth>3</depth>
	</size>
	<segmented>0</segmented>
	<object>
		<name>unmasked</name>
		<pose>Unspecified</pose>
		<truncated>0</truncated>
		<difficult>0</difficult>
		<occluded>0</occluded>
		<bndbox>
			<xmin>146</xmin>
			<xmax>222</xmax>
			<ymin>51</ymin>
			<ymax>188</ymax>
		</bndbox>
	</object>
</annotation>
