<annotation>
	<folder></folder>
	<filename>1338_jpg.rf.34996429d3ae6e5f5f66fdb4d7a69761.jpg</filename>
	<path>1338_jpg.rf.34996429d3ae6e5f5f66fdb4d7a69761.jpg</path>
	<source>
		<database>roboflow.ai</database>
	</source>
	<size>
		<width>416</width>
		<height>416</height>
		<depth>3</depth>
	</size>
	<segmented>0</segmented>
	<object>
		<name>masked</name>
		<pose>Unspecified</pose>
		<truncated>0</truncated>
		<difficult>0</difficult>
		<occluded>0</occluded>
		<bndbox>
			<xmin>88</xmin>
			<xmax>372</xmax>
			<ymin>44</ymin>
			<ymax>331</ymax>
		</bndbox>
	</object>
</annotation>
