<annotation>
	<folder></folder>
	<filename>1339_jpg.rf.2dc28d1b930e28fd9d97fd6cf14ec22e.jpg</filename>
	<path>1339_jpg.rf.2dc28d1b930e28fd9d97fd6cf14ec22e.jpg</path>
	<source>
		<database>roboflow.ai</database>
	</source>
	<size>
		<width>416</width>
		<height>416</height>
		<depth>3</depth>
	</size>
	<segmented>0</segmented>
	<object>
		<name>masked</name>
		<pose>Unspecified</pose>
		<truncated>0</truncated>
		<difficult>0</difficult>
		<occluded>0</occluded>
		<bndbox>
			<xmin>125</xmin>
			<xmax>245</xmax>
			<ymin>64</ymin>
			<ymax>287</ymax>
		</bndbox>
	</object>
</annotation>
