<annotation>
	<folder></folder>
	<filename>133_jpg.rf.4f2a8b228672fc6c819392426876764a.jpg</filename>
	<path>133_jpg.rf.4f2a8b228672fc6c819392426876764a.jpg</path>
	<source>
		<database>roboflow.ai</database>
	</source>
	<size>
		<width>416</width>
		<height>416</height>
		<depth>3</depth>
	</size>
	<segmented>0</segmented>
	<object>
		<name>unmasked</name>
		<pose>Unspecified</pose>
		<truncated>0</truncated>
		<difficult>0</difficult>
		<occluded>0</occluded>
		<bndbox>
			<xmin>57</xmin>
			<xmax>360</xmax>
			<ymin>24</ymin>
			<ymax>358</ymax>
		</bndbox>
	</object>
</annotation>
