<annotation>
	<folder></folder>
	<filename>1340_jpg.rf.1d35d1ceefdbf16dafd4eaf10a5a59d5.jpg</filename>
	<path>1340_jpg.rf.1d35d1ceefdbf16dafd4eaf10a5a59d5.jpg</path>
	<source>
		<database>roboflow.ai</database>
	</source>
	<size>
		<width>416</width>
		<height>416</height>
		<depth>3</depth>
	</size>
	<segmented>0</segmented>
	<object>
		<name>masked</name>
		<pose>Unspecified</pose>
		<truncated>0</truncated>
		<difficult>0</difficult>
		<occluded>0</occluded>
		<bndbox>
			<xmin>111</xmin>
			<xmax>268</xmax>
			<ymin>47</ymin>
			<ymax>150</ymax>
		</bndbox>
	</object>
</annotation>
