<annotation>
	<folder></folder>
	<filename>1346_jpg.rf.809a692de415ad75d43a24910bfbd301.jpg</filename>
	<path>1346_jpg.rf.809a692de415ad75d43a24910bfbd301.jpg</path>
	<source>
		<database>roboflow.ai</database>
	</source>
	<size>
		<width>416</width>
		<height>416</height>
		<depth>3</depth>
	</size>
	<segmented>0</segmented>
	<object>
		<name>masked</name>
		<pose>Unspecified</pose>
		<truncated>0</truncated>
		<difficult>0</difficult>
		<occluded>0</occluded>
		<bndbox>
			<xmin>135</xmin>
			<xmax>294</xmax>
			<ymin>23</ymin>
			<ymax>255</ymax>
		</bndbox>
	</object>
</annotation>
