<annotation>
	<folder></folder>
	<filename>134_jpg.rf.d7983a691386229519e38a682f2356a8.jpg</filename>
	<path>134_jpg.rf.d7983a691386229519e38a682f2356a8.jpg</path>
	<source>
		<database>roboflow.ai</database>
	</source>
	<size>
		<width>416</width>
		<height>416</height>
		<depth>3</depth>
	</size>
	<segmented>0</segmented>
	<object>
		<name>unmasked</name>
		<pose>Unspecified</pose>
		<truncated>0</truncated>
		<difficult>0</difficult>
		<occluded>0</occluded>
		<bndbox>
			<xmin>79</xmin>
			<xmax>330</xmax>
			<ymin>52</ymin>
			<ymax>348</ymax>
		</bndbox>
	</object>
</annotation>
