<annotation>
	<folder></folder>
	<filename>135_jpg.rf.22467419559163f43ce70aee338e6983.jpg</filename>
	<path>135_jpg.rf.22467419559163f43ce70aee338e6983.jpg</path>
	<source>
		<database>roboflow.ai</database>
	</source>
	<size>
		<width>416</width>
		<height>416</height>
		<depth>3</depth>
	</size>
	<segmented>0</segmented>
	<object>
		<name>unmasked</name>
		<pose>Unspecified</pose>
		<truncated>0</truncated>
		<difficult>0</difficult>
		<occluded>0</occluded>
		<bndbox>
			<xmin>90</xmin>
			<xmax>345</xmax>
			<ymin>49</ymin>
			<ymax>355</ymax>
		</bndbox>
	</object>
</annotation>
