<annotation>
	<folder></folder>
	<filename>1369_jpg.rf.0706cdd2189c92502cf92da7c912dafb.jpg</filename>
	<path>1369_jpg.rf.0706cdd2189c92502cf92da7c912dafb.jpg</path>
	<source>
		<database>roboflow.ai</database>
	</source>
	<size>
		<width>416</width>
		<height>416</height>
		<depth>3</depth>
	</size>
	<segmented>0</segmented>
	<object>
		<name>masked</name>
		<pose>Unspecified</pose>
		<truncated>0</truncated>
		<difficult>0</difficult>
		<occluded>0</occluded>
		<bndbox>
			<xmin>198</xmin>
			<xmax>319</xmax>
			<ymin>41</ymin>
			<ymax>316</ymax>
		</bndbox>
	</object>
</annotation>
