<annotation>
	<folder></folder>
	<filename>136_jpg.rf.fa5c26e28ee483f09ffee4b380d907b8.jpg</filename>
	<path>136_jpg.rf.fa5c26e28ee483f09ffee4b380d907b8.jpg</path>
	<source>
		<database>roboflow.ai</database>
	</source>
	<size>
		<width>416</width>
		<height>416</height>
		<depth>3</depth>
	</size>
	<segmented>0</segmented>
	<object>
		<name>unmasked</name>
		<pose>Unspecified</pose>
		<truncated>0</truncated>
		<difficult>0</difficult>
		<occluded>0</occluded>
		<bndbox>
			<xmin>58</xmin>
			<xmax>359</xmax>
			<ymin>39</ymin>
			<ymax>333</ymax>
		</bndbox>
	</object>
</annotation>
