<annotation>
	<folder></folder>
	<filename>1378_jpg.rf.b87934fbec2a553799270c093500a25a.jpg</filename>
	<path>1378_jpg.rf.b87934fbec2a553799270c093500a25a.jpg</path>
	<source>
		<database>roboflow.ai</database>
	</source>
	<size>
		<width>416</width>
		<height>416</height>
		<depth>3</depth>
	</size>
	<segmented>0</segmented>
	<object>
		<name>masked</name>
		<pose>Unspecified</pose>
		<truncated>0</truncated>
		<difficult>0</difficult>
		<occluded>0</occluded>
		<bndbox>
			<xmin>142</xmin>
			<xmax>281</xmax>
			<ymin>54</ymin>
			<ymax>329</ymax>
		</bndbox>
	</object>
</annotation>
