<annotation>
	<folder></folder>
	<filename>137_jpg.rf.9a79521156de3a1d39d31a297771ad03.jpg</filename>
	<path>137_jpg.rf.9a79521156de3a1d39d31a297771ad03.jpg</path>
	<source>
		<database>roboflow.ai</database>
	</source>
	<size>
		<width>416</width>
		<height>416</height>
		<depth>3</depth>
	</size>
	<segmented>0</segmented>
	<object>
		<name>unmasked</name>
		<pose>Unspecified</pose>
		<truncated>0</truncated>
		<difficult>0</difficult>
		<occluded>0</occluded>
		<bndbox>
			<xmin>99</xmin>
			<xmax>263</xmax>
			<ymin>50</ymin>
			<ymax>344</ymax>
		</bndbox>
	</object>
</annotation>
