<annotation>
	<folder></folder>
	<filename>1383_jpg.rf.37ffc899164545b0ea543310b611f0eb.jpg</filename>
	<path>1383_jpg.rf.37ffc899164545b0ea543310b611f0eb.jpg</path>
	<source>
		<database>roboflow.ai</database>
	</source>
	<size>
		<width>416</width>
		<height>416</height>
		<depth>3</depth>
	</size>
	<segmented>0</segmented>
	<object>
		<name>masked</name>
		<pose>Unspecified</pose>
		<truncated>0</truncated>
		<difficult>0</difficult>
		<occluded>0</occluded>
		<bndbox>
			<xmin>132</xmin>
			<xmax>311</xmax>
			<ymin>44</ymin>
			<ymax>305</ymax>
		</bndbox>
	</object>
</annotation>
