<annotation>
	<folder></folder>
	<filename>138_jpg.rf.24586bf2931f86e66f96924960bf6725.jpg</filename>
	<path>138_jpg.rf.24586bf2931f86e66f96924960bf6725.jpg</path>
	<source>
		<database>roboflow.ai</database>
	</source>
	<size>
		<width>416</width>
		<height>416</height>
		<depth>3</depth>
	</size>
	<segmented>0</segmented>
	<object>
		<name>unmasked</name>
		<pose>Unspecified</pose>
		<truncated>0</truncated>
		<difficult>0</difficult>
		<occluded>0</occluded>
		<bndbox>
			<xmin>164</xmin>
			<xmax>283</xmax>
			<ymin>115</ymin>
			<ymax>275</ymax>
		</bndbox>
	</object>
</annotation>
