<annotation>
	<folder></folder>
	<filename>1394_jpg.rf.a52ebe3d995295de6f89a38ba7431ab8.jpg</filename>
	<path>1394_jpg.rf.a52ebe3d995295de6f89a38ba7431ab8.jpg</path>
	<source>
		<database>roboflow.ai</database>
	</source>
	<size>
		<width>416</width>
		<height>416</height>
		<depth>3</depth>
	</size>
	<segmented>0</segmented>
	<object>
		<name>masked</name>
		<pose>Unspecified</pose>
		<truncated>0</truncated>
		<difficult>0</difficult>
		<occluded>0</occluded>
		<bndbox>
			<xmin>132</xmin>
			<xmax>263</xmax>
			<ymin>26</ymin>
			<ymax>308</ymax>
		</bndbox>
	</object>
</annotation>
