<annotation>
	<folder></folder>
	<filename>139_jpg.rf.a0a66cd9055fa2f73bf1085163a4d6bd.jpg</filename>
	<path>139_jpg.rf.a0a66cd9055fa2f73bf1085163a4d6bd.jpg</path>
	<source>
		<database>roboflow.ai</database>
	</source>
	<size>
		<width>416</width>
		<height>416</height>
		<depth>3</depth>
	</size>
	<segmented>0</segmented>
	<object>
		<name>unmasked</name>
		<pose>Unspecified</pose>
		<truncated>0</truncated>
		<difficult>0</difficult>
		<occluded>0</occluded>
		<bndbox>
			<xmin>52</xmin>
			<xmax>360</xmax>
			<ymin>44</ymin>
			<ymax>372</ymax>
		</bndbox>
	</object>
</annotation>
