<annotation>
	<folder></folder>
	<filename>13_jpg.rf.893d295415d52ebb685e0cd0633c86cc.jpg</filename>
	<path>13_jpg.rf.893d295415d52ebb685e0cd0633c86cc.jpg</path>
	<source>
		<database>roboflow.ai</database>
	</source>
	<size>
		<width>416</width>
		<height>416</height>
		<depth>3</depth>
	</size>
	<segmented>0</segmented>
	<object>
		<name>unmasked</name>
		<pose>Unspecified</pose>
		<truncated>0</truncated>
		<difficult>0</difficult>
		<occluded>0</occluded>
		<bndbox>
			<xmin>64</xmin>
			<xmax>324</xmax>
			<ymin>24</ymin>
			<ymax>343</ymax>
		</bndbox>
	</object>
</annotation>
