<annotation>
	<folder></folder>
	<filename>1405_jpg.rf.dcb0290c4bf68192cfb87b60a35a07a0.jpg</filename>
	<path>1405_jpg.rf.dcb0290c4bf68192cfb87b60a35a07a0.jpg</path>
	<source>
		<database>roboflow.ai</database>
	</source>
	<size>
		<width>416</width>
		<height>416</height>
		<depth>3</depth>
	</size>
	<segmented>0</segmented>
	<object>
		<name>masked</name>
		<pose>Unspecified</pose>
		<truncated>0</truncated>
		<difficult>0</difficult>
		<occluded>0</occluded>
		<bndbox>
			<xmin>212</xmin>
			<xmax>417</xmax>
			<ymin>12</ymin>
			<ymax>311</ymax>
		</bndbox>
	</object>
	<object>
		<name>masked</name>
		<pose>Unspecified</pose>
		<truncated>0</truncated>
		<difficult>0</difficult>
		<occluded>0</occluded>
		<bndbox>
			<xmin>11</xmin>
			<xmax>185</xmax>
			<ymin>19</ymin>
			<ymax>362</ymax>
		</bndbox>
	</object>
</annotation>
