<annotation>
	<folder></folder>
	<filename>1406_jpg.rf.7d95a2a31a37786d43cfc1188084ea82.jpg</filename>
	<path>1406_jpg.rf.7d95a2a31a37786d43cfc1188084ea82.jpg</path>
	<source>
		<database>roboflow.ai</database>
	</source>
	<size>
		<width>416</width>
		<height>416</height>
		<depth>3</depth>
	</size>
	<segmented>0</segmented>
	<object>
		<name>masked</name>
		<pose>Unspecified</pose>
		<truncated>0</truncated>
		<difficult>0</difficult>
		<occluded>0</occluded>
		<bndbox>
			<xmin>83</xmin>
			<xmax>342</xmax>
			<ymin>16</ymin>
			<ymax>271</ymax>
		</bndbox>
	</object>
</annotation>
