<annotation>
	<folder></folder>
	<filename>1409_jpg.rf.e68fade3898ce683154ea091eafab3a0.jpg</filename>
	<path>1409_jpg.rf.e68fade3898ce683154ea091eafab3a0.jpg</path>
	<source>
		<database>roboflow.ai</database>
	</source>
	<size>
		<width>416</width>
		<height>416</height>
		<depth>3</depth>
	</size>
	<segmented>0</segmented>
	<object>
		<name>masked</name>
		<pose>Unspecified</pose>
		<truncated>0</truncated>
		<difficult>0</difficult>
		<occluded>0</occluded>
		<bndbox>
			<xmin>139</xmin>
			<xmax>325</xmax>
			<ymin>8</ymin>
			<ymax>317</ymax>
		</bndbox>
	</object>
</annotation>
