<annotation>
	<folder></folder>
	<filename>140_jpg.rf.d88d2b102dc560d7fc75a14d772ead41.jpg</filename>
	<path>140_jpg.rf.d88d2b102dc560d7fc75a14d772ead41.jpg</path>
	<source>
		<database>roboflow.ai</database>
	</source>
	<size>
		<width>416</width>
		<height>416</height>
		<depth>3</depth>
	</size>
	<segmented>0</segmented>
	<object>
		<name>unmasked</name>
		<pose>Unspecified</pose>
		<truncated>0</truncated>
		<difficult>0</difficult>
		<occluded>0</occluded>
		<bndbox>
			<xmin>73</xmin>
			<xmax>344</xmax>
			<ymin>21</ymin>
			<ymax>358</ymax>
		</bndbox>
	</object>
</annotation>
