<annotation>
	<folder></folder>
	<filename>141_jpg.rf.96ecea098336030a7065eb6a1337902d.jpg</filename>
	<path>141_jpg.rf.96ecea098336030a7065eb6a1337902d.jpg</path>
	<source>
		<database>roboflow.ai</database>
	</source>
	<size>
		<width>416</width>
		<height>416</height>
		<depth>3</depth>
	</size>
	<segmented>0</segmented>
	<object>
		<name>unmasked</name>
		<pose>Unspecified</pose>
		<truncated>0</truncated>
		<difficult>0</difficult>
		<occluded>0</occluded>
		<bndbox>
			<xmin>69</xmin>
			<xmax>356</xmax>
			<ymin>32</ymin>
			<ymax>362</ymax>
		</bndbox>
	</object>
</annotation>
