<annotation>
	<folder></folder>
	<filename>142_jpg.rf.61a4635810bea8bdac112bca5b798ef1.jpg</filename>
	<path>142_jpg.rf.61a4635810bea8bdac112bca5b798ef1.jpg</path>
	<source>
		<database>roboflow.ai</database>
	</source>
	<size>
		<width>416</width>
		<height>416</height>
		<depth>3</depth>
	</size>
	<segmented>0</segmented>
	<object>
		<name>unmasked</name>
		<pose>Unspecified</pose>
		<truncated>0</truncated>
		<difficult>0</difficult>
		<occluded>0</occluded>
		<bndbox>
			<xmin>75</xmin>
			<xmax>351</xmax>
			<ymin>32</ymin>
			<ymax>307</ymax>
		</bndbox>
	</object>
</annotation>
