<annotation>
	<folder></folder>
	<filename>1430_jpg.rf.fccd474eb6c38efe2e6815a3da841036.jpg</filename>
	<path>1430_jpg.rf.fccd474eb6c38efe2e6815a3da841036.jpg</path>
	<source>
		<database>roboflow.ai</database>
	</source>
	<size>
		<width>416</width>
		<height>416</height>
		<depth>3</depth>
	</size>
	<segmented>0</segmented>
	<object>
		<name>masked</name>
		<pose>Unspecified</pose>
		<truncated>0</truncated>
		<difficult>0</difficult>
		<occluded>0</occluded>
		<bndbox>
			<xmin>27</xmin>
			<xmax>253</xmax>
			<ymin>10</ymin>
			<ymax>391</ymax>
		</bndbox>
	</object>
</annotation>
