<annotation>
	<folder></folder>
	<filename>143_jpg.rf.53f99632bdefce60ad5403e37ee902f5.jpg</filename>
	<path>143_jpg.rf.53f99632bdefce60ad5403e37ee902f5.jpg</path>
	<source>
		<database>roboflow.ai</database>
	</source>
	<size>
		<width>416</width>
		<height>416</height>
		<depth>3</depth>
	</size>
	<segmented>0</segmented>
	<object>
		<name>unmasked</name>
		<pose>Unspecified</pose>
		<truncated>0</truncated>
		<difficult>0</difficult>
		<occluded>0</occluded>
		<bndbox>
			<xmin>219</xmin>
			<xmax>405</xmax>
			<ymin>19</ymin>
			<ymax>390</ymax>
		</bndbox>
	</object>
	<object>
		<name>unmasked</name>
		<pose>Unspecified</pose>
		<truncated>0</truncated>
		<difficult>0</difficult>
		<occluded>0</occluded>
		<bndbox>
			<xmin>26</xmin>
			<xmax>150</xmax>
			<ymin>42</ymin>
			<ymax>246</ymax>
		</bndbox>
	</object>
</annotation>
