<annotation>
	<folder></folder>
	<filename>1453_jpg.rf.1d813c05850ddeb88658832fe93c9278.jpg</filename>
	<path>1453_jpg.rf.1d813c05850ddeb88658832fe93c9278.jpg</path>
	<source>
		<database>roboflow.ai</database>
	</source>
	<size>
		<width>416</width>
		<height>416</height>
		<depth>3</depth>
	</size>
	<segmented>0</segmented>
	<object>
		<name>masked</name>
		<pose>Unspecified</pose>
		<truncated>0</truncated>
		<difficult>0</difficult>
		<occluded>0</occluded>
		<bndbox>
			<xmin>131</xmin>
			<xmax>334</xmax>
			<ymin>22</ymin>
			<ymax>365</ymax>
		</bndbox>
	</object>
</annotation>
