<annotation>
	<folder></folder>
	<filename>1455_jpg.rf.9bd6a3fe685129200f0331f0d902cff1.jpg</filename>
	<path>1455_jpg.rf.9bd6a3fe685129200f0331f0d902cff1.jpg</path>
	<source>
		<database>roboflow.ai</database>
	</source>
	<size>
		<width>416</width>
		<height>416</height>
		<depth>3</depth>
	</size>
	<segmented>0</segmented>
	<object>
		<name>masked</name>
		<pose>Unspecified</pose>
		<truncated>0</truncated>
		<difficult>0</difficult>
		<occluded>0</occluded>
		<bndbox>
			<xmin>109</xmin>
			<xmax>332</xmax>
			<ymin>1</ymin>
			<ymax>347</ymax>
		</bndbox>
	</object>
</annotation>
