<annotation>
	<folder></folder>
	<filename>1456_jpg.rf.ebabd95760ba387dad8aa252de760a23.jpg</filename>
	<path>1456_jpg.rf.ebabd95760ba387dad8aa252de760a23.jpg</path>
	<source>
		<database>roboflow.ai</database>
	</source>
	<size>
		<width>416</width>
		<height>416</height>
		<depth>3</depth>
	</size>
	<segmented>0</segmented>
	<object>
		<name>masked</name>
		<pose>Unspecified</pose>
		<truncated>0</truncated>
		<difficult>0</difficult>
		<occluded>0</occluded>
		<bndbox>
			<xmin>106</xmin>
			<xmax>251</xmax>
			<ymin>19</ymin>
			<ymax>282</ymax>
		</bndbox>
	</object>
</annotation>
