<annotation>
	<folder></folder>
	<filename>145_jpg.rf.5755144e81699d3aa312b150f63d131a.jpg</filename>
	<path>145_jpg.rf.5755144e81699d3aa312b150f63d131a.jpg</path>
	<source>
		<database>roboflow.ai</database>
	</source>
	<size>
		<width>416</width>
		<height>416</height>
		<depth>3</depth>
	</size>
	<segmented>0</segmented>
	<object>
		<name>unmasked</name>
		<pose>Unspecified</pose>
		<truncated>0</truncated>
		<difficult>0</difficult>
		<occluded>0</occluded>
		<bndbox>
			<xmin>31</xmin>
			<xmax>329</xmax>
			<ymin>44</ymin>
			<ymax>407</ymax>
		</bndbox>
	</object>
</annotation>
