<annotation>
	<folder></folder>
	<filename>1462_jpg.rf.66c5b0d257976a7608dd6bd591fc42eb.jpg</filename>
	<path>1462_jpg.rf.66c5b0d257976a7608dd6bd591fc42eb.jpg</path>
	<source>
		<database>roboflow.ai</database>
	</source>
	<size>
		<width>416</width>
		<height>416</height>
		<depth>3</depth>
	</size>
	<segmented>0</segmented>
	<object>
		<name>masked</name>
		<pose>Unspecified</pose>
		<truncated>0</truncated>
		<difficult>0</difficult>
		<occluded>0</occluded>
		<bndbox>
			<xmin>205</xmin>
			<xmax>320</xmax>
			<ymin>42</ymin>
			<ymax>246</ymax>
		</bndbox>
	</object>
</annotation>
