<annotation>
	<folder></folder>
	<filename>146_jpg.rf.3c4a3693b7b72cb855e5b1c9719a7766.jpg</filename>
	<path>146_jpg.rf.3c4a3693b7b72cb855e5b1c9719a7766.jpg</path>
	<source>
		<database>roboflow.ai</database>
	</source>
	<size>
		<width>416</width>
		<height>416</height>
		<depth>3</depth>
	</size>
	<segmented>0</segmented>
	<object>
		<name>unmasked</name>
		<pose>Unspecified</pose>
		<truncated>0</truncated>
		<difficult>0</difficult>
		<occluded>0</occluded>
		<bndbox>
			<xmin>66</xmin>
			<xmax>306</xmax>
			<ymin>15</ymin>
			<ymax>322</ymax>
		</bndbox>
	</object>
</annotation>
