<annotation>
	<folder></folder>
	<filename>1471_jpg.rf.3d1048b14f4316b744947adc74ea3102.jpg</filename>
	<path>1471_jpg.rf.3d1048b14f4316b744947adc74ea3102.jpg</path>
	<source>
		<database>roboflow.ai</database>
	</source>
	<size>
		<width>416</width>
		<height>416</height>
		<depth>3</depth>
	</size>
	<segmented>0</segmented>
	<object>
		<name>masked</name>
		<pose>Unspecified</pose>
		<truncated>0</truncated>
		<difficult>0</difficult>
		<occluded>0</occluded>
		<bndbox>
			<xmin>15</xmin>
			<xmax>319</xmax>
			<ymin>1</ymin>
			<ymax>306</ymax>
		</bndbox>
	</object>
</annotation>
