<annotation>
	<folder></folder>
	<filename>1473_jpg.rf.52f75c53e499e6751d5e555fe0a4f67d.jpg</filename>
	<path>1473_jpg.rf.52f75c53e499e6751d5e555fe0a4f67d.jpg</path>
	<source>
		<database>roboflow.ai</database>
	</source>
	<size>
		<width>416</width>
		<height>416</height>
		<depth>3</depth>
	</size>
	<segmented>0</segmented>
	<object>
		<name>masked</name>
		<pose>Unspecified</pose>
		<truncated>0</truncated>
		<difficult>0</difficult>
		<occluded>0</occluded>
		<bndbox>
			<xmin>55</xmin>
			<xmax>308</xmax>
			<ymin>4</ymin>
			<ymax>296</ymax>
		</bndbox>
	</object>
</annotation>
