<annotation>
	<folder></folder>
	<filename>1486_jpg.rf.775f6d6aaf9bde114409e56e87d7fedc.jpg</filename>
	<path>1486_jpg.rf.775f6d6aaf9bde114409e56e87d7fedc.jpg</path>
	<source>
		<database>roboflow.ai</database>
	</source>
	<size>
		<width>416</width>
		<height>416</height>
		<depth>3</depth>
	</size>
	<segmented>0</segmented>
	<object>
		<name>masked</name>
		<pose>Unspecified</pose>
		<truncated>0</truncated>
		<difficult>0</difficult>
		<occluded>0</occluded>
		<bndbox>
			<xmin>102</xmin>
			<xmax>214</xmax>
			<ymin>17</ymin>
			<ymax>247</ymax>
		</bndbox>
	</object>
</annotation>
