<annotation>
	<folder></folder>
	<filename>1487_jpg.rf.4eb93fd49923c366ca4af82fd656ca46.jpg</filename>
	<path>1487_jpg.rf.4eb93fd49923c366ca4af82fd656ca46.jpg</path>
	<source>
		<database>roboflow.ai</database>
	</source>
	<size>
		<width>416</width>
		<height>416</height>
		<depth>3</depth>
	</size>
	<segmented>0</segmented>
	<object>
		<name>masked</name>
		<pose>Unspecified</pose>
		<truncated>0</truncated>
		<difficult>0</difficult>
		<occluded>0</occluded>
		<bndbox>
			<xmin>112</xmin>
			<xmax>237</xmax>
			<ymin>50</ymin>
			<ymax>279</ymax>
		</bndbox>
	</object>
</annotation>
