<annotation>
	<folder></folder>
	<filename>1488_jpg.rf.0238d6b63b41b985a17f2b9f5ba50838.jpg</filename>
	<path>1488_jpg.rf.0238d6b63b41b985a17f2b9f5ba50838.jpg</path>
	<source>
		<database>roboflow.ai</database>
	</source>
	<size>
		<width>416</width>
		<height>416</height>
		<depth>3</depth>
	</size>
	<segmented>0</segmented>
	<object>
		<name>masked</name>
		<pose>Unspecified</pose>
		<truncated>0</truncated>
		<difficult>0</difficult>
		<occluded>0</occluded>
		<bndbox>
			<xmin>73</xmin>
			<xmax>342</xmax>
			<ymin>17</ymin>
			<ymax>313</ymax>
		</bndbox>
	</object>
</annotation>
