<annotation>
	<folder></folder>
	<filename>148_jpg.rf.c21b9c5ece89f4f0f4d004f47658013a.jpg</filename>
	<path>148_jpg.rf.c21b9c5ece89f4f0f4d004f47658013a.jpg</path>
	<source>
		<database>roboflow.ai</database>
	</source>
	<size>
		<width>416</width>
		<height>416</height>
		<depth>3</depth>
	</size>
	<segmented>0</segmented>
	<object>
		<name>unmasked</name>
		<pose>Unspecified</pose>
		<truncated>0</truncated>
		<difficult>0</difficult>
		<occluded>0</occluded>
		<bndbox>
			<xmin>111</xmin>
			<xmax>343</xmax>
			<ymin>17</ymin>
			<ymax>314</ymax>
		</bndbox>
	</object>
</annotation>
