<annotation>
	<folder></folder>
	<filename>1490_jpg.rf.d4673329cd0907e869ed615e0d0ab423.jpg</filename>
	<path>1490_jpg.rf.d4673329cd0907e869ed615e0d0ab423.jpg</path>
	<source>
		<database>roboflow.ai</database>
	</source>
	<size>
		<width>416</width>
		<height>416</height>
		<depth>3</depth>
	</size>
	<segmented>0</segmented>
	<object>
		<name>masked</name>
		<pose>Unspecified</pose>
		<truncated>0</truncated>
		<difficult>0</difficult>
		<occluded>0</occluded>
		<bndbox>
			<xmin>114</xmin>
			<xmax>228</xmax>
			<ymin>35</ymin>
			<ymax>267</ymax>
		</bndbox>
	</object>
</annotation>
