<annotation>
	<folder></folder>
	<filename>1491_jpg.rf.fa909cfd063f8061d25df816773816f2.jpg</filename>
	<path>1491_jpg.rf.fa909cfd063f8061d25df816773816f2.jpg</path>
	<source>
		<database>roboflow.ai</database>
	</source>
	<size>
		<width>416</width>
		<height>416</height>
		<depth>3</depth>
	</size>
	<segmented>0</segmented>
	<object>
		<name>masked</name>
		<pose>Unspecified</pose>
		<truncated>0</truncated>
		<difficult>0</difficult>
		<occluded>0</occluded>
		<bndbox>
			<xmin>192</xmin>
			<xmax>390</xmax>
			<ymin>39</ymin>
			<ymax>328</ymax>
		</bndbox>
	</object>
</annotation>
