<annotation>
	<folder></folder>
	<filename>1492_jpg.rf.9e5690be2db985ed32ff898db0b4e4a3.jpg</filename>
	<path>1492_jpg.rf.9e5690be2db985ed32ff898db0b4e4a3.jpg</path>
	<source>
		<database>roboflow.ai</database>
	</source>
	<size>
		<width>416</width>
		<height>416</height>
		<depth>3</depth>
	</size>
	<segmented>0</segmented>
	<object>
		<name>masked</name>
		<pose>Unspecified</pose>
		<truncated>0</truncated>
		<difficult>0</difficult>
		<occluded>0</occluded>
		<bndbox>
			<xmin>49</xmin>
			<xmax>350</xmax>
			<ymin>15</ymin>
			<ymax>257</ymax>
		</bndbox>
	</object>
</annotation>
