<annotation>
	<folder></folder>
	<filename>1493_jpg.rf.c7e09cdd6f2e1a19a1d9e1d4426e32ba.jpg</filename>
	<path>1493_jpg.rf.c7e09cdd6f2e1a19a1d9e1d4426e32ba.jpg</path>
	<source>
		<database>roboflow.ai</database>
	</source>
	<size>
		<width>416</width>
		<height>416</height>
		<depth>3</depth>
	</size>
	<segmented>0</segmented>
	<object>
		<name>masked</name>
		<pose>Unspecified</pose>
		<truncated>0</truncated>
		<difficult>0</difficult>
		<occluded>0</occluded>
		<bndbox>
			<xmin>114</xmin>
			<xmax>322</xmax>
			<ymin>123</ymin>
			<ymax>364</ymax>
		</bndbox>
	</object>
</annotation>
