<annotation>
	<folder></folder>
	<filename>149_jpg.rf.ceb9cb5f76b234f3714a92c7ff7ab90d.jpg</filename>
	<path>149_jpg.rf.ceb9cb5f76b234f3714a92c7ff7ab90d.jpg</path>
	<source>
		<database>roboflow.ai</database>
	</source>
	<size>
		<width>416</width>
		<height>416</height>
		<depth>3</depth>
	</size>
	<segmented>0</segmented>
	<object>
		<name>unmasked</name>
		<pose>Unspecified</pose>
		<truncated>0</truncated>
		<difficult>0</difficult>
		<occluded>0</occluded>
		<bndbox>
			<xmin>64</xmin>
			<xmax>341</xmax>
			<ymin>66</ymin>
			<ymax>411</ymax>
		</bndbox>
	</object>
</annotation>
