<annotation>
	<folder></folder>
	<filename>14_jpg.rf.8ee914256913914d05ee4e89e0fc78f5.jpg</filename>
	<path>14_jpg.rf.8ee914256913914d05ee4e89e0fc78f5.jpg</path>
	<source>
		<database>roboflow.ai</database>
	</source>
	<size>
		<width>416</width>
		<height>416</height>
		<depth>3</depth>
	</size>
	<segmented>0</segmented>
	<object>
		<name>unmasked</name>
		<pose>Unspecified</pose>
		<truncated>0</truncated>
		<difficult>0</difficult>
		<occluded>0</occluded>
		<bndbox>
			<xmin>114</xmin>
			<xmax>306</xmax>
			<ymin>42</ymin>
			<ymax>221</ymax>
		</bndbox>
	</object>
</annotation>
