<annotation>
	<folder></folder>
	<filename>1503_jpg.rf.82b24136a51843ccba7a314f31ae9c49.jpg</filename>
	<path>1503_jpg.rf.82b24136a51843ccba7a314f31ae9c49.jpg</path>
	<source>
		<database>roboflow.ai</database>
	</source>
	<size>
		<width>416</width>
		<height>416</height>
		<depth>3</depth>
	</size>
	<segmented>0</segmented>
	<object>
		<name>masked</name>
		<pose>Unspecified</pose>
		<truncated>0</truncated>
		<difficult>0</difficult>
		<occluded>0</occluded>
		<bndbox>
			<xmin>188</xmin>
			<xmax>205</xmax>
			<ymin>147</ymin>
			<ymax>178</ymax>
		</bndbox>
	</object>
</annotation>
