<annotation>
	<folder></folder>
	<filename>1506_jpg.rf.4e8cd93343a1b1007c8ecdd9820405bd.jpg</filename>
	<path>1506_jpg.rf.4e8cd93343a1b1007c8ecdd9820405bd.jpg</path>
	<source>
		<database>roboflow.ai</database>
	</source>
	<size>
		<width>416</width>
		<height>416</height>
		<depth>3</depth>
	</size>
	<segmented>0</segmented>
	<object>
		<name>masked</name>
		<pose>Unspecified</pose>
		<truncated>0</truncated>
		<difficult>0</difficult>
		<occluded>0</occluded>
		<bndbox>
			<xmin>149</xmin>
			<xmax>262</xmax>
			<ymin>24</ymin>
			<ymax>226</ymax>
		</bndbox>
	</object>
</annotation>
