<annotation>
	<folder></folder>
	<filename>1511_jpg.rf.301c4e6ee50897de9167f68695984619.jpg</filename>
	<path>1511_jpg.rf.301c4e6ee50897de9167f68695984619.jpg</path>
	<source>
		<database>roboflow.ai</database>
	</source>
	<size>
		<width>416</width>
		<height>416</height>
		<depth>3</depth>
	</size>
	<segmented>0</segmented>
	<object>
		<name>masked</name>
		<pose>Unspecified</pose>
		<truncated>0</truncated>
		<difficult>0</difficult>
		<occluded>0</occluded>
		<bndbox>
			<xmin>119</xmin>
			<xmax>170</xmax>
			<ymin>18</ymin>
			<ymax>80</ymax>
		</bndbox>
	</object>
</annotation>
