<annotation>
	<folder></folder>
	<filename>1512_jpg.rf.02c57ef7c68b3d248ae7e9aa381e9e72.jpg</filename>
	<path>1512_jpg.rf.02c57ef7c68b3d248ae7e9aa381e9e72.jpg</path>
	<source>
		<database>roboflow.ai</database>
	</source>
	<size>
		<width>416</width>
		<height>416</height>
		<depth>3</depth>
	</size>
	<segmented>0</segmented>
	<object>
		<name>masked</name>
		<pose>Unspecified</pose>
		<truncated>0</truncated>
		<difficult>0</difficult>
		<occluded>0</occluded>
		<bndbox>
			<xmin>63</xmin>
			<xmax>225</xmax>
			<ymin>39</ymin>
			<ymax>321</ymax>
		</bndbox>
	</object>
</annotation>
