<annotation>
	<folder></folder>
	<filename>1513_jpg.rf.ca2c54d60855fe5c7fe8e15a671444a1.jpg</filename>
	<path>1513_jpg.rf.ca2c54d60855fe5c7fe8e15a671444a1.jpg</path>
	<source>
		<database>roboflow.ai</database>
	</source>
	<size>
		<width>416</width>
		<height>416</height>
		<depth>3</depth>
	</size>
	<segmented>0</segmented>
	<object>
		<name>masked</name>
		<pose>Unspecified</pose>
		<truncated>0</truncated>
		<difficult>0</difficult>
		<occluded>0</occluded>
		<bndbox>
			<xmin>109</xmin>
			<xmax>280</xmax>
			<ymin>21</ymin>
			<ymax>318</ymax>
		</bndbox>
	</object>
</annotation>
