<annotation>
	<folder></folder>
	<filename>1514_jpg.rf.a5b3357b884e8c05ed79947dcd7ebeec.jpg</filename>
	<path>1514_jpg.rf.a5b3357b884e8c05ed79947dcd7ebeec.jpg</path>
	<source>
		<database>roboflow.ai</database>
	</source>
	<size>
		<width>416</width>
		<height>416</height>
		<depth>3</depth>
	</size>
	<segmented>0</segmented>
	<object>
		<name>masked</name>
		<pose>Unspecified</pose>
		<truncated>0</truncated>
		<difficult>0</difficult>
		<occluded>0</occluded>
		<bndbox>
			<xmin>153</xmin>
			<xmax>266</xmax>
			<ymin>48</ymin>
			<ymax>217</ymax>
		</bndbox>
	</object>
</annotation>
