<annotation>
	<folder></folder>
	<filename>1515_jpg.rf.ff246ba929e67c07182ecec424e63e0d.jpg</filename>
	<path>1515_jpg.rf.ff246ba929e67c07182ecec424e63e0d.jpg</path>
	<source>
		<database>roboflow.ai</database>
	</source>
	<size>
		<width>416</width>
		<height>416</height>
		<depth>3</depth>
	</size>
	<segmented>0</segmented>
	<object>
		<name>masked</name>
		<pose>Unspecified</pose>
		<truncated>0</truncated>
		<difficult>0</difficult>
		<occluded>0</occluded>
		<bndbox>
			<xmin>121</xmin>
			<xmax>300</xmax>
			<ymin>10</ymin>
			<ymax>344</ymax>
		</bndbox>
	</object>
</annotation>
