<annotation>
	<folder></folder>
	<filename>1517_jpg.rf.d1b7d6e7b1be7f5d3d1328303de3abd1.jpg</filename>
	<path>1517_jpg.rf.d1b7d6e7b1be7f5d3d1328303de3abd1.jpg</path>
	<source>
		<database>roboflow.ai</database>
	</source>
	<size>
		<width>416</width>
		<height>416</height>
		<depth>3</depth>
	</size>
	<segmented>0</segmented>
	<object>
		<name>masked</name>
		<pose>Unspecified</pose>
		<truncated>0</truncated>
		<difficult>0</difficult>
		<occluded>0</occluded>
		<bndbox>
			<xmin>73</xmin>
			<xmax>310</xmax>
			<ymin>20</ymin>
			<ymax>216</ymax>
		</bndbox>
	</object>
</annotation>
