<annotation>
	<folder></folder>
	<filename>1518_jpg.rf.fbc98e726347ef66e80e39addb706225.jpg</filename>
	<path>1518_jpg.rf.fbc98e726347ef66e80e39addb706225.jpg</path>
	<source>
		<database>roboflow.ai</database>
	</source>
	<size>
		<width>416</width>
		<height>416</height>
		<depth>3</depth>
	</size>
	<segmented>0</segmented>
	<object>
		<name>masked</name>
		<pose>Unspecified</pose>
		<truncated>0</truncated>
		<difficult>0</difficult>
		<occluded>0</occluded>
		<bndbox>
			<xmin>127</xmin>
			<xmax>298</xmax>
			<ymin>52</ymin>
			<ymax>350</ymax>
		</bndbox>
	</object>
</annotation>
