<annotation>
	<folder></folder>
	<filename>151_jpg.rf.486c4763fd18ae93cceb6c75b4be17eb.jpg</filename>
	<path>151_jpg.rf.486c4763fd18ae93cceb6c75b4be17eb.jpg</path>
	<source>
		<database>roboflow.ai</database>
	</source>
	<size>
		<width>416</width>
		<height>416</height>
		<depth>3</depth>
	</size>
	<segmented>0</segmented>
	<object>
		<name>unmasked</name>
		<pose>Unspecified</pose>
		<truncated>0</truncated>
		<difficult>0</difficult>
		<occluded>0</occluded>
		<bndbox>
			<xmin>39</xmin>
			<xmax>376</xmax>
			<ymin>67</ymin>
			<ymax>374</ymax>
		</bndbox>
	</object>
</annotation>
