<annotation>
	<folder></folder>
	<filename>1520_jpg.rf.e4983a810da8feaa7d0e9671bc688a17.jpg</filename>
	<path>1520_jpg.rf.e4983a810da8feaa7d0e9671bc688a17.jpg</path>
	<source>
		<database>roboflow.ai</database>
	</source>
	<size>
		<width>416</width>
		<height>416</height>
		<depth>3</depth>
	</size>
	<segmented>0</segmented>
	<object>
		<name>masked</name>
		<pose>Unspecified</pose>
		<truncated>0</truncated>
		<difficult>0</difficult>
		<occluded>0</occluded>
		<bndbox>
			<xmin>113</xmin>
			<xmax>282</xmax>
			<ymin>46</ymin>
			<ymax>358</ymax>
		</bndbox>
	</object>
</annotation>
