<annotation>
	<folder></folder>
	<filename>1523_jpg.rf.b49d1f6439a368387d7cf3d084293735.jpg</filename>
	<path>1523_jpg.rf.b49d1f6439a368387d7cf3d084293735.jpg</path>
	<source>
		<database>roboflow.ai</database>
	</source>
	<size>
		<width>416</width>
		<height>416</height>
		<depth>3</depth>
	</size>
	<segmented>0</segmented>
	<object>
		<name>masked</name>
		<pose>Unspecified</pose>
		<truncated>0</truncated>
		<difficult>0</difficult>
		<occluded>0</occluded>
		<bndbox>
			<xmin>86</xmin>
			<xmax>279</xmax>
			<ymin>60</ymin>
			<ymax>356</ymax>
		</bndbox>
	</object>
</annotation>
