<annotation>
	<folder></folder>
	<filename>1526_jpg.rf.7fcbe5d6e281730756d60cab42250d05.jpg</filename>
	<path>1526_jpg.rf.7fcbe5d6e281730756d60cab42250d05.jpg</path>
	<source>
		<database>roboflow.ai</database>
	</source>
	<size>
		<width>416</width>
		<height>416</height>
		<depth>3</depth>
	</size>
	<segmented>0</segmented>
	<object>
		<name>masked</name>
		<pose>Unspecified</pose>
		<truncated>0</truncated>
		<difficult>0</difficult>
		<occluded>0</occluded>
		<bndbox>
			<xmin>121</xmin>
			<xmax>298</xmax>
			<ymin>25</ymin>
			<ymax>381</ymax>
		</bndbox>
	</object>
</annotation>
