<annotation>
	<folder></folder>
	<filename>1527_jpg.rf.751de89d2b0e6f53f1a18ee023c92849.jpg</filename>
	<path>1527_jpg.rf.751de89d2b0e6f53f1a18ee023c92849.jpg</path>
	<source>
		<database>roboflow.ai</database>
	</source>
	<size>
		<width>416</width>
		<height>416</height>
		<depth>3</depth>
	</size>
	<segmented>0</segmented>
	<object>
		<name>masked</name>
		<pose>Unspecified</pose>
		<truncated>0</truncated>
		<difficult>0</difficult>
		<occluded>0</occluded>
		<bndbox>
			<xmin>178</xmin>
			<xmax>276</xmax>
			<ymin>31</ymin>
			<ymax>253</ymax>
		</bndbox>
	</object>
</annotation>
