<annotation>
	<folder></folder>
	<filename>152_jpg.rf.bfbac56105dd3fa3f7abe732c50a3379.jpg</filename>
	<path>152_jpg.rf.bfbac56105dd3fa3f7abe732c50a3379.jpg</path>
	<source>
		<database>roboflow.ai</database>
	</source>
	<size>
		<width>416</width>
		<height>416</height>
		<depth>3</depth>
	</size>
	<segmented>0</segmented>
	<object>
		<name>unmasked</name>
		<pose>Unspecified</pose>
		<truncated>0</truncated>
		<difficult>0</difficult>
		<occluded>0</occluded>
		<bndbox>
			<xmin>94</xmin>
			<xmax>342</xmax>
			<ymin>81</ymin>
			<ymax>338</ymax>
		</bndbox>
	</object>
</annotation>
