<annotation>
	<folder></folder>
	<filename>1530_jpg.rf.ac924420f80d9bbf1b5e3268dca411eb.jpg</filename>
	<path>1530_jpg.rf.ac924420f80d9bbf1b5e3268dca411eb.jpg</path>
	<source>
		<database>roboflow.ai</database>
	</source>
	<size>
		<width>416</width>
		<height>416</height>
		<depth>3</depth>
	</size>
	<segmented>0</segmented>
	<object>
		<name>masked</name>
		<pose>Unspecified</pose>
		<truncated>0</truncated>
		<difficult>0</difficult>
		<occluded>0</occluded>
		<bndbox>
			<xmin>163</xmin>
			<xmax>287</xmax>
			<ymin>139</ymin>
			<ymax>400</ymax>
		</bndbox>
	</object>
</annotation>
