<annotation>
	<folder></folder>
	<filename>1536_jpg.rf.602c775d069f9b9fd01ee0c16ea9e878.jpg</filename>
	<path>1536_jpg.rf.602c775d069f9b9fd01ee0c16ea9e878.jpg</path>
	<source>
		<database>roboflow.ai</database>
	</source>
	<size>
		<width>416</width>
		<height>416</height>
		<depth>3</depth>
	</size>
	<segmented>0</segmented>
	<object>
		<name>masked</name>
		<pose>Unspecified</pose>
		<truncated>0</truncated>
		<difficult>0</difficult>
		<occluded>0</occluded>
		<bndbox>
			<xmin>101</xmin>
			<xmax>324</xmax>
			<ymin>25</ymin>
			<ymax>263</ymax>
		</bndbox>
	</object>
</annotation>
