<annotation>
	<folder></folder>
	<filename>1539_jpg.rf.2d2d62ef23de100bdd9af76e5bf7bab2.jpg</filename>
	<path>1539_jpg.rf.2d2d62ef23de100bdd9af76e5bf7bab2.jpg</path>
	<source>
		<database>roboflow.ai</database>
	</source>
	<size>
		<width>416</width>
		<height>416</height>
		<depth>3</depth>
	</size>
	<segmented>0</segmented>
	<object>
		<name>masked</name>
		<pose>Unspecified</pose>
		<truncated>0</truncated>
		<difficult>0</difficult>
		<occluded>0</occluded>
		<bndbox>
			<xmin>63</xmin>
			<xmax>347</xmax>
			<ymin>28</ymin>
			<ymax>394</ymax>
		</bndbox>
	</object>
</annotation>
