<annotation>
	<folder></folder>
	<filename>153_jpg.rf.3f5aa6173ccd28cc88502fd40bb79132.jpg</filename>
	<path>153_jpg.rf.3f5aa6173ccd28cc88502fd40bb79132.jpg</path>
	<source>
		<database>roboflow.ai</database>
	</source>
	<size>
		<width>416</width>
		<height>416</height>
		<depth>3</depth>
	</size>
	<segmented>0</segmented>
	<object>
		<name>unmasked</name>
		<pose>Unspecified</pose>
		<truncated>0</truncated>
		<difficult>0</difficult>
		<occluded>0</occluded>
		<bndbox>
			<xmin>76</xmin>
			<xmax>377</xmax>
			<ymin>35</ymin>
			<ymax>387</ymax>
		</bndbox>
	</object>
</annotation>
