<annotation>
	<folder></folder>
	<filename>1548_jpg.rf.48fbc50db0b331927e7a02c39ec9a220.jpg</filename>
	<path>1548_jpg.rf.48fbc50db0b331927e7a02c39ec9a220.jpg</path>
	<source>
		<database>roboflow.ai</database>
	</source>
	<size>
		<width>416</width>
		<height>416</height>
		<depth>3</depth>
	</size>
	<segmented>0</segmented>
	<object>
		<name>masked</name>
		<pose>Unspecified</pose>
		<truncated>0</truncated>
		<difficult>0</difficult>
		<occluded>0</occluded>
		<bndbox>
			<xmin>67</xmin>
			<xmax>346</xmax>
			<ymin>3</ymin>
			<ymax>369</ymax>
		</bndbox>
	</object>
</annotation>
