<annotation>
	<folder></folder>
	<filename>154_jpg.rf.bca3d7c28b3f26b276c91454de2a99d5.jpg</filename>
	<path>154_jpg.rf.bca3d7c28b3f26b276c91454de2a99d5.jpg</path>
	<source>
		<database>roboflow.ai</database>
	</source>
	<size>
		<width>416</width>
		<height>416</height>
		<depth>3</depth>
	</size>
	<segmented>0</segmented>
	<object>
		<name>unmasked</name>
		<pose>Unspecified</pose>
		<truncated>0</truncated>
		<difficult>0</difficult>
		<occluded>0</occluded>
		<bndbox>
			<xmin>60</xmin>
			<xmax>330</xmax>
			<ymin>40</ymin>
			<ymax>341</ymax>
		</bndbox>
	</object>
</annotation>
