<annotation>
	<folder></folder>
	<filename>1553_jpg.rf.a297f3d200abf24fe146dc0b356cec4c.jpg</filename>
	<path>1553_jpg.rf.a297f3d200abf24fe146dc0b356cec4c.jpg</path>
	<source>
		<database>roboflow.ai</database>
	</source>
	<size>
		<width>416</width>
		<height>416</height>
		<depth>3</depth>
	</size>
	<segmented>0</segmented>
	<object>
		<name>masked</name>
		<pose>Unspecified</pose>
		<truncated>0</truncated>
		<difficult>0</difficult>
		<occluded>0</occluded>
		<bndbox>
			<xmin>127</xmin>
			<xmax>350</xmax>
			<ymin>40</ymin>
			<ymax>312</ymax>
		</bndbox>
	</object>
</annotation>
