<annotation>
	<folder></folder>
	<filename>1554_jpg.rf.742a509100b8258ad95116cd62316ce7.jpg</filename>
	<path>1554_jpg.rf.742a509100b8258ad95116cd62316ce7.jpg</path>
	<source>
		<database>roboflow.ai</database>
	</source>
	<size>
		<width>416</width>
		<height>416</height>
		<depth>3</depth>
	</size>
	<segmented>0</segmented>
	<object>
		<name>masked</name>
		<pose>Unspecified</pose>
		<truncated>0</truncated>
		<difficult>0</difficult>
		<occluded>0</occluded>
		<bndbox>
			<xmin>145</xmin>
			<xmax>287</xmax>
			<ymin>9</ymin>
			<ymax>334</ymax>
		</bndbox>
	</object>
</annotation>
