<annotation>
	<folder></folder>
	<filename>1555_jpg.rf.22105b7836fb71bd7774232c32bff741.jpg</filename>
	<path>1555_jpg.rf.22105b7836fb71bd7774232c32bff741.jpg</path>
	<source>
		<database>roboflow.ai</database>
	</source>
	<size>
		<width>416</width>
		<height>416</height>
		<depth>3</depth>
	</size>
	<segmented>0</segmented>
	<object>
		<name>masked</name>
		<pose>Unspecified</pose>
		<truncated>0</truncated>
		<difficult>0</difficult>
		<occluded>0</occluded>
		<bndbox>
			<xmin>44</xmin>
			<xmax>333</xmax>
			<ymin>35</ymin>
			<ymax>240</ymax>
		</bndbox>
	</object>
</annotation>
