<annotation>
	<folder></folder>
	<filename>1556_jpg.rf.df369aafe928aa11660d832bfaa56c74.jpg</filename>
	<path>1556_jpg.rf.df369aafe928aa11660d832bfaa56c74.jpg</path>
	<source>
		<database>roboflow.ai</database>
	</source>
	<size>
		<width>416</width>
		<height>416</height>
		<depth>3</depth>
	</size>
	<segmented>0</segmented>
	<object>
		<name>masked</name>
		<pose>Unspecified</pose>
		<truncated>0</truncated>
		<difficult>0</difficult>
		<occluded>0</occluded>
		<bndbox>
			<xmin>106</xmin>
			<xmax>250</xmax>
			<ymin>56</ymin>
			<ymax>250</ymax>
		</bndbox>
	</object>
</annotation>
