<annotation>
	<folder></folder>
	<filename>1558_png.rf.6662a3bb5350ea6fe40e4a67f34fde1a.jpg</filename>
	<path>1558_png.rf.6662a3bb5350ea6fe40e4a67f34fde1a.jpg</path>
	<source>
		<database>roboflow.ai</database>
	</source>
	<size>
		<width>416</width>
		<height>416</height>
		<depth>3</depth>
	</size>
	<segmented>0</segmented>
	<object>
		<name>masked</name>
		<pose>Unspecified</pose>
		<truncated>0</truncated>
		<difficult>0</difficult>
		<occluded>0</occluded>
		<bndbox>
			<xmin>123</xmin>
			<xmax>234</xmax>
			<ymin>24</ymin>
			<ymax>262</ymax>
		</bndbox>
	</object>
</annotation>
