<annotation>
	<folder></folder>
	<filename>155_jpg.rf.538ba75a8598e78fe0b2843fa84b875b.jpg</filename>
	<path>155_jpg.rf.538ba75a8598e78fe0b2843fa84b875b.jpg</path>
	<source>
		<database>roboflow.ai</database>
	</source>
	<size>
		<width>416</width>
		<height>416</height>
		<depth>3</depth>
	</size>
	<segmented>0</segmented>
	<object>
		<name>unmasked</name>
		<pose>Unspecified</pose>
		<truncated>0</truncated>
		<difficult>0</difficult>
		<occluded>0</occluded>
		<bndbox>
			<xmin>84</xmin>
			<xmax>284</xmax>
			<ymin>40</ymin>
			<ymax>233</ymax>
		</bndbox>
	</object>
</annotation>
