<annotation>
	<folder></folder>
	<filename>1560_jpg.rf.0003a3ab3b68c68c49a5fe4aa83b2aae.jpg</filename>
	<path>1560_jpg.rf.0003a3ab3b68c68c49a5fe4aa83b2aae.jpg</path>
	<source>
		<database>roboflow.ai</database>
	</source>
	<size>
		<width>416</width>
		<height>416</height>
		<depth>3</depth>
	</size>
	<segmented>0</segmented>
	<object>
		<name>masked</name>
		<pose>Unspecified</pose>
		<truncated>0</truncated>
		<difficult>0</difficult>
		<occluded>0</occluded>
		<bndbox>
			<xmin>69</xmin>
			<xmax>350</xmax>
			<ymin>46</ymin>
			<ymax>358</ymax>
		</bndbox>
	</object>
</annotation>
