<annotation>
	<folder></folder>
	<filename>1562_jpg.rf.bb0a2dbc7724adeaa27402b1465e6494.jpg</filename>
	<path>1562_jpg.rf.bb0a2dbc7724adeaa27402b1465e6494.jpg</path>
	<source>
		<database>roboflow.ai</database>
	</source>
	<size>
		<width>416</width>
		<height>416</height>
		<depth>3</depth>
	</size>
	<segmented>0</segmented>
	<object>
		<name>masked</name>
		<pose>Unspecified</pose>
		<truncated>0</truncated>
		<difficult>0</difficult>
		<occluded>0</occluded>
		<bndbox>
			<xmin>145</xmin>
			<xmax>257</xmax>
			<ymin>25</ymin>
			<ymax>326</ymax>
		</bndbox>
	</object>
</annotation>
