<annotation>
	<folder></folder>
	<filename>1568_jpg.rf.8bd4b2f2653d1fa610de0544d7dabe89.jpg</filename>
	<path>1568_jpg.rf.8bd4b2f2653d1fa610de0544d7dabe89.jpg</path>
	<source>
		<database>roboflow.ai</database>
	</source>
	<size>
		<width>416</width>
		<height>416</height>
		<depth>3</depth>
	</size>
	<segmented>0</segmented>
	<object>
		<name>masked</name>
		<pose>Unspecified</pose>
		<truncated>0</truncated>
		<difficult>0</difficult>
		<occluded>0</occluded>
		<bndbox>
			<xmin>79</xmin>
			<xmax>279</xmax>
			<ymin>34</ymin>
			<ymax>373</ymax>
		</bndbox>
	</object>
</annotation>
