<annotation>
	<folder></folder>
	<filename>156_jpg.rf.47f1d05434f6d1418b30725cdce6a7c7.jpg</filename>
	<path>156_jpg.rf.47f1d05434f6d1418b30725cdce6a7c7.jpg</path>
	<source>
		<database>roboflow.ai</database>
	</source>
	<size>
		<width>416</width>
		<height>416</height>
		<depth>3</depth>
	</size>
	<segmented>0</segmented>
	<object>
		<name>unmasked</name>
		<pose>Unspecified</pose>
		<truncated>0</truncated>
		<difficult>0</difficult>
		<occluded>0</occluded>
		<bndbox>
			<xmin>132</xmin>
			<xmax>276</xmax>
			<ymin>46</ymin>
			<ymax>312</ymax>
		</bndbox>
	</object>
</annotation>
