<annotation>
	<folder></folder>
	<filename>1574_jpg.rf.b741b7f0b2095b22486ea6b4c73ca53d.jpg</filename>
	<path>1574_jpg.rf.b741b7f0b2095b22486ea6b4c73ca53d.jpg</path>
	<source>
		<database>roboflow.ai</database>
	</source>
	<size>
		<width>416</width>
		<height>416</height>
		<depth>3</depth>
	</size>
	<segmented>0</segmented>
	<object>
		<name>masked</name>
		<pose>Unspecified</pose>
		<truncated>0</truncated>
		<difficult>0</difficult>
		<occluded>0</occluded>
		<bndbox>
			<xmin>144</xmin>
			<xmax>301</xmax>
			<ymin>32</ymin>
			<ymax>358</ymax>
		</bndbox>
	</object>
</annotation>
