<annotation>
	<folder></folder>
	<filename>1576_jpg.rf.884a4232fc35c666af8aff093334dd9e.jpg</filename>
	<path>1576_jpg.rf.884a4232fc35c666af8aff093334dd9e.jpg</path>
	<source>
		<database>roboflow.ai</database>
	</source>
	<size>
		<width>416</width>
		<height>416</height>
		<depth>3</depth>
	</size>
	<segmented>0</segmented>
	<object>
		<name>masked</name>
		<pose>Unspecified</pose>
		<truncated>0</truncated>
		<difficult>0</difficult>
		<occluded>0</occluded>
		<bndbox>
			<xmin>3</xmin>
			<xmax>354</xmax>
			<ymin>33</ymin>
			<ymax>302</ymax>
		</bndbox>
	</object>
</annotation>
