<annotation>
	<folder></folder>
	<filename>1577_jpg.rf.0fa6e39b99bdd5609d668403ae302388.jpg</filename>
	<path>1577_jpg.rf.0fa6e39b99bdd5609d668403ae302388.jpg</path>
	<source>
		<database>roboflow.ai</database>
	</source>
	<size>
		<width>416</width>
		<height>416</height>
		<depth>3</depth>
	</size>
	<segmented>0</segmented>
	<object>
		<name>masked</name>
		<pose>Unspecified</pose>
		<truncated>0</truncated>
		<difficult>0</difficult>
		<occluded>0</occluded>
		<bndbox>
			<xmin>105</xmin>
			<xmax>365</xmax>
			<ymin>47</ymin>
			<ymax>350</ymax>
		</bndbox>
	</object>
</annotation>
