<annotation>
	<folder></folder>
	<filename>157_jpg.rf.766215b19c1a4956004357deb3beb084.jpg</filename>
	<path>157_jpg.rf.766215b19c1a4956004357deb3beb084.jpg</path>
	<source>
		<database>roboflow.ai</database>
	</source>
	<size>
		<width>416</width>
		<height>416</height>
		<depth>3</depth>
	</size>
	<segmented>0</segmented>
	<object>
		<name>unmasked</name>
		<pose>Unspecified</pose>
		<truncated>0</truncated>
		<difficult>0</difficult>
		<occluded>0</occluded>
		<bndbox>
			<xmin>98</xmin>
			<xmax>408</xmax>
			<ymin>60</ymin>
			<ymax>357</ymax>
		</bndbox>
	</object>
</annotation>
