<annotation>
	<folder></folder>
	<filename>1583_jpg.rf.7363c0a7808e96af720ebf9307e4e09a.jpg</filename>
	<path>1583_jpg.rf.7363c0a7808e96af720ebf9307e4e09a.jpg</path>
	<source>
		<database>roboflow.ai</database>
	</source>
	<size>
		<width>416</width>
		<height>416</height>
		<depth>3</depth>
	</size>
	<segmented>0</segmented>
	<object>
		<name>masked</name>
		<pose>Unspecified</pose>
		<truncated>0</truncated>
		<difficult>0</difficult>
		<occluded>0</occluded>
		<bndbox>
			<xmin>69</xmin>
			<xmax>325</xmax>
			<ymin>27</ymin>
			<ymax>417</ymax>
		</bndbox>
	</object>
</annotation>
