<annotation>
	<folder></folder>
	<filename>1584_jpg.rf.8a28950c6d0c5d316aacf349b68b5104.jpg</filename>
	<path>1584_jpg.rf.8a28950c6d0c5d316aacf349b68b5104.jpg</path>
	<source>
		<database>roboflow.ai</database>
	</source>
	<size>
		<width>416</width>
		<height>416</height>
		<depth>3</depth>
	</size>
	<segmented>0</segmented>
	<object>
		<name>masked</name>
		<pose>Unspecified</pose>
		<truncated>0</truncated>
		<difficult>0</difficult>
		<occluded>0</occluded>
		<bndbox>
			<xmin>17</xmin>
			<xmax>363</xmax>
			<ymin>23</ymin>
			<ymax>390</ymax>
		</bndbox>
	</object>
</annotation>
