<annotation>
	<folder></folder>
	<filename>1589_jpg.rf.6e7d81c834015bb598b8fa999ccdc7ea.jpg</filename>
	<path>1589_jpg.rf.6e7d81c834015bb598b8fa999ccdc7ea.jpg</path>
	<source>
		<database>roboflow.ai</database>
	</source>
	<size>
		<width>416</width>
		<height>416</height>
		<depth>3</depth>
	</size>
	<segmented>0</segmented>
	<object>
		<name>masked</name>
		<pose>Unspecified</pose>
		<truncated>0</truncated>
		<difficult>0</difficult>
		<occluded>0</occluded>
		<bndbox>
			<xmin>13</xmin>
			<xmax>306</xmax>
			<ymin>10</ymin>
			<ymax>244</ymax>
		</bndbox>
	</object>
</annotation>
