<annotation>
	<folder></folder>
	<filename>158_jpg.rf.50fb2e6dd7bd47c9817a0be18670bc74.jpg</filename>
	<path>158_jpg.rf.50fb2e6dd7bd47c9817a0be18670bc74.jpg</path>
	<source>
		<database>roboflow.ai</database>
	</source>
	<size>
		<width>416</width>
		<height>416</height>
		<depth>3</depth>
	</size>
	<segmented>0</segmented>
	<object>
		<name>unmasked</name>
		<pose>Unspecified</pose>
		<truncated>0</truncated>
		<difficult>0</difficult>
		<occluded>0</occluded>
		<bndbox>
			<xmin>65</xmin>
			<xmax>357</xmax>
			<ymin>34</ymin>
			<ymax>365</ymax>
		</bndbox>
	</object>
</annotation>
