<annotation>
	<folder></folder>
	<filename>1598_jpg.rf.94bee86a11b54929f40c7d614d5943a3.jpg</filename>
	<path>1598_jpg.rf.94bee86a11b54929f40c7d614d5943a3.jpg</path>
	<source>
		<database>roboflow.ai</database>
	</source>
	<size>
		<width>416</width>
		<height>416</height>
		<depth>3</depth>
	</size>
	<segmented>0</segmented>
	<object>
		<name>masked</name>
		<pose>Unspecified</pose>
		<truncated>0</truncated>
		<difficult>0</difficult>
		<occluded>0</occluded>
		<bndbox>
			<xmin>149</xmin>
			<xmax>239</xmax>
			<ymin>31</ymin>
			<ymax>256</ymax>
		</bndbox>
	</object>
</annotation>
