<annotation>
	<folder></folder>
	<filename>159_jpg.rf.8f8ee369c211264bc10e59191e31f1cb.jpg</filename>
	<path>159_jpg.rf.8f8ee369c211264bc10e59191e31f1cb.jpg</path>
	<source>
		<database>roboflow.ai</database>
	</source>
	<size>
		<width>416</width>
		<height>416</height>
		<depth>3</depth>
	</size>
	<segmented>0</segmented>
	<object>
		<name>unmasked</name>
		<pose>Unspecified</pose>
		<truncated>0</truncated>
		<difficult>0</difficult>
		<occluded>0</occluded>
		<bndbox>
			<xmin>53</xmin>
			<xmax>357</xmax>
			<ymin>47</ymin>
			<ymax>332</ymax>
		</bndbox>
	</object>
</annotation>
