<annotation>
	<folder></folder>
	<filename>15_jpg.rf.ecd1cc521987e811a7fdad91d7bca73e.jpg</filename>
	<path>15_jpg.rf.ecd1cc521987e811a7fdad91d7bca73e.jpg</path>
	<source>
		<database>roboflow.ai</database>
	</source>
	<size>
		<width>416</width>
		<height>416</height>
		<depth>3</depth>
	</size>
	<segmented>0</segmented>
	<object>
		<name>unmasked</name>
		<pose>Unspecified</pose>
		<truncated>0</truncated>
		<difficult>0</difficult>
		<occluded>0</occluded>
		<bndbox>
			<xmin>66</xmin>
			<xmax>332</xmax>
			<ymin>70</ymin>
			<ymax>344</ymax>
		</bndbox>
	</object>
</annotation>
