<annotation>
	<folder></folder>
	<filename>1600_jpg.rf.a9e80aa7a25f1ee81be2158449fdeed3.jpg</filename>
	<path>1600_jpg.rf.a9e80aa7a25f1ee81be2158449fdeed3.jpg</path>
	<source>
		<database>roboflow.ai</database>
	</source>
	<size>
		<width>416</width>
		<height>416</height>
		<depth>3</depth>
	</size>
	<segmented>0</segmented>
	<object>
		<name>masked</name>
		<pose>Unspecified</pose>
		<truncated>0</truncated>
		<difficult>0</difficult>
		<occluded>0</occluded>
		<bndbox>
			<xmin>203</xmin>
			<xmax>332</xmax>
			<ymin>23</ymin>
			<ymax>316</ymax>
		</bndbox>
	</object>
</annotation>
