<annotation>
	<folder></folder>
	<filename>1601_jpg.rf.7e061b7e223f8c192bf615788b9d33db.jpg</filename>
	<path>1601_jpg.rf.7e061b7e223f8c192bf615788b9d33db.jpg</path>
	<source>
		<database>roboflow.ai</database>
	</source>
	<size>
		<width>416</width>
		<height>416</height>
		<depth>3</depth>
	</size>
	<segmented>0</segmented>
	<object>
		<name>masked</name>
		<pose>Unspecified</pose>
		<truncated>0</truncated>
		<difficult>0</difficult>
		<occluded>0</occluded>
		<bndbox>
			<xmin>143</xmin>
			<xmax>268</xmax>
			<ymin>33</ymin>
			<ymax>302</ymax>
		</bndbox>
	</object>
</annotation>
