<annotation>
	<folder></folder>
	<filename>1608_jpeg.rf.673d6f22c0be085eee0f99919f02414f.jpg</filename>
	<path>1608_jpeg.rf.673d6f22c0be085eee0f99919f02414f.jpg</path>
	<source>
		<database>roboflow.ai</database>
	</source>
	<size>
		<width>416</width>
		<height>416</height>
		<depth>3</depth>
	</size>
	<segmented>0</segmented>
	<object>
		<name>masked</name>
		<pose>Unspecified</pose>
		<truncated>0</truncated>
		<difficult>0</difficult>
		<occluded>0</occluded>
		<bndbox>
			<xmin>131</xmin>
			<xmax>244</xmax>
			<ymin>46</ymin>
			<ymax>292</ymax>
		</bndbox>
	</object>
</annotation>
