<annotation>
	<folder></folder>
	<filename>1609_jpg.rf.b578c3c85c1a64678111b357788eeb86.jpg</filename>
	<path>1609_jpg.rf.b578c3c85c1a64678111b357788eeb86.jpg</path>
	<source>
		<database>roboflow.ai</database>
	</source>
	<size>
		<width>416</width>
		<height>416</height>
		<depth>3</depth>
	</size>
	<segmented>0</segmented>
	<object>
		<name>masked</name>
		<pose>Unspecified</pose>
		<truncated>0</truncated>
		<difficult>0</difficult>
		<occluded>0</occluded>
		<bndbox>
			<xmin>124</xmin>
			<xmax>300</xmax>
			<ymin>10</ymin>
			<ymax>303</ymax>
		</bndbox>
	</object>
</annotation>
