<annotation>
	<folder></folder>
	<filename>160_jpg.rf.666c14c1a4756b8cd6a94c35c9d9fcf6.jpg</filename>
	<path>160_jpg.rf.666c14c1a4756b8cd6a94c35c9d9fcf6.jpg</path>
	<source>
		<database>roboflow.ai</database>
	</source>
	<size>
		<width>416</width>
		<height>416</height>
		<depth>3</depth>
	</size>
	<segmented>0</segmented>
	<object>
		<name>unmasked</name>
		<pose>Unspecified</pose>
		<truncated>0</truncated>
		<difficult>0</difficult>
		<occluded>0</occluded>
		<bndbox>
			<xmin>99</xmin>
			<xmax>311</xmax>
			<ymin>49</ymin>
			<ymax>249</ymax>
		</bndbox>
	</object>
</annotation>
