<annotation>
	<folder></folder>
	<filename>161_jpg.rf.61cd30adc86c97efa7e4f7c271a61a8b.jpg</filename>
	<path>161_jpg.rf.61cd30adc86c97efa7e4f7c271a61a8b.jpg</path>
	<source>
		<database>roboflow.ai</database>
	</source>
	<size>
		<width>416</width>
		<height>416</height>
		<depth>3</depth>
	</size>
	<segmented>0</segmented>
	<object>
		<name>unmasked</name>
		<pose>Unspecified</pose>
		<truncated>0</truncated>
		<difficult>0</difficult>
		<occluded>0</occluded>
		<bndbox>
			<xmin>19</xmin>
			<xmax>351</xmax>
			<ymin>51</ymin>
			<ymax>404</ymax>
		</bndbox>
	</object>
</annotation>
