<annotation>
	<folder></folder>
	<filename>1626_jpg.rf.11a90ba185f40a6ee96120f028802203.jpg</filename>
	<path>1626_jpg.rf.11a90ba185f40a6ee96120f028802203.jpg</path>
	<source>
		<database>roboflow.ai</database>
	</source>
	<size>
		<width>416</width>
		<height>416</height>
		<depth>3</depth>
	</size>
	<segmented>0</segmented>
	<object>
		<name>masked</name>
		<pose>Unspecified</pose>
		<truncated>0</truncated>
		<difficult>0</difficult>
		<occluded>0</occluded>
		<bndbox>
			<xmin>129</xmin>
			<xmax>279</xmax>
			<ymin>27</ymin>
			<ymax>297</ymax>
		</bndbox>
	</object>
</annotation>
