<annotation>
	<folder></folder>
	<filename>1628_jpg.rf.68a629d2c69eadab5828eb3ba791a0bc.jpg</filename>
	<path>1628_jpg.rf.68a629d2c69eadab5828eb3ba791a0bc.jpg</path>
	<source>
		<database>roboflow.ai</database>
	</source>
	<size>
		<width>416</width>
		<height>416</height>
		<depth>3</depth>
	</size>
	<segmented>0</segmented>
	<object>
		<name>masked</name>
		<pose>Unspecified</pose>
		<truncated>0</truncated>
		<difficult>0</difficult>
		<occluded>0</occluded>
		<bndbox>
			<xmin>74</xmin>
			<xmax>293</xmax>
			<ymin>58</ymin>
			<ymax>367</ymax>
		</bndbox>
	</object>
</annotation>
