<annotation>
	<folder></folder>
	<filename>162_jpg.rf.f29ebb29dbdc77b458e843b93bd50f1f.jpg</filename>
	<path>162_jpg.rf.f29ebb29dbdc77b458e843b93bd50f1f.jpg</path>
	<source>
		<database>roboflow.ai</database>
	</source>
	<size>
		<width>416</width>
		<height>416</height>
		<depth>3</depth>
	</size>
	<segmented>0</segmented>
	<object>
		<name>unmasked</name>
		<pose>Unspecified</pose>
		<truncated>0</truncated>
		<difficult>0</difficult>
		<occluded>0</occluded>
		<bndbox>
			<xmin>69</xmin>
			<xmax>353</xmax>
			<ymin>15</ymin>
			<ymax>328</ymax>
		</bndbox>
	</object>
</annotation>
