<annotation>
	<folder></folder>
	<filename>1631_jpg.rf.1cc6b7ca294121843eedcd5eba6c62bc.jpg</filename>
	<path>1631_jpg.rf.1cc6b7ca294121843eedcd5eba6c62bc.jpg</path>
	<source>
		<database>roboflow.ai</database>
	</source>
	<size>
		<width>416</width>
		<height>416</height>
		<depth>3</depth>
	</size>
	<segmented>0</segmented>
	<object>
		<name>masked</name>
		<pose>Unspecified</pose>
		<truncated>0</truncated>
		<difficult>0</difficult>
		<occluded>0</occluded>
		<bndbox>
			<xmin>95</xmin>
			<xmax>275</xmax>
			<ymin>52</ymin>
			<ymax>322</ymax>
		</bndbox>
	</object>
</annotation>
