<annotation>
	<folder></folder>
	<filename>1634_jpg.rf.9142c6403be13f46a4dd263dcf403e53.jpg</filename>
	<path>1634_jpg.rf.9142c6403be13f46a4dd263dcf403e53.jpg</path>
	<source>
		<database>roboflow.ai</database>
	</source>
	<size>
		<width>416</width>
		<height>416</height>
		<depth>3</depth>
	</size>
	<segmented>0</segmented>
	<object>
		<name>masked</name>
		<pose>Unspecified</pose>
		<truncated>0</truncated>
		<difficult>0</difficult>
		<occluded>0</occluded>
		<bndbox>
			<xmin>97</xmin>
			<xmax>248</xmax>
			<ymin>21</ymin>
			<ymax>286</ymax>
		</bndbox>
	</object>
</annotation>
