<annotation>
	<folder></folder>
	<filename>1635_jpg.rf.fc7922af93fe16b4eb9928c0d60a0611.jpg</filename>
	<path>1635_jpg.rf.fc7922af93fe16b4eb9928c0d60a0611.jpg</path>
	<source>
		<database>roboflow.ai</database>
	</source>
	<size>
		<width>416</width>
		<height>416</height>
		<depth>3</depth>
	</size>
	<segmented>0</segmented>
	<object>
		<name>masked</name>
		<pose>Unspecified</pose>
		<truncated>0</truncated>
		<difficult>0</difficult>
		<occluded>0</occluded>
		<bndbox>
			<xmin>208</xmin>
			<xmax>366</xmax>
			<ymin>40</ymin>
			<ymax>276</ymax>
		</bndbox>
	</object>
</annotation>
