<annotation>
	<folder></folder>
	<filename>1636_jpg.rf.cbe83ecd07d95d6c80b848af186897cc.jpg</filename>
	<path>1636_jpg.rf.cbe83ecd07d95d6c80b848af186897cc.jpg</path>
	<source>
		<database>roboflow.ai</database>
	</source>
	<size>
		<width>416</width>
		<height>416</height>
		<depth>3</depth>
	</size>
	<segmented>0</segmented>
	<object>
		<name>masked</name>
		<pose>Unspecified</pose>
		<truncated>0</truncated>
		<difficult>0</difficult>
		<occluded>0</occluded>
		<bndbox>
			<xmin>119</xmin>
			<xmax>274</xmax>
			<ymin>116</ymin>
			<ymax>346</ymax>
		</bndbox>
	</object>
</annotation>
