<annotation>
	<folder></folder>
	<filename>1637_jpg.rf.374ae0b6a50a968fb88387d02e2c8c52.jpg</filename>
	<path>1637_jpg.rf.374ae0b6a50a968fb88387d02e2c8c52.jpg</path>
	<source>
		<database>roboflow.ai</database>
	</source>
	<size>
		<width>416</width>
		<height>416</height>
		<depth>3</depth>
	</size>
	<segmented>0</segmented>
	<object>
		<name>masked</name>
		<pose>Unspecified</pose>
		<truncated>0</truncated>
		<difficult>0</difficult>
		<occluded>0</occluded>
		<bndbox>
			<xmin>104</xmin>
			<xmax>298</xmax>
			<ymin>111</ymin>
			<ymax>386</ymax>
		</bndbox>
	</object>
</annotation>
