<annotation>
	<folder></folder>
	<filename>163_jpg.rf.de03b8ced642d60fe84d0b3541873c0f.jpg</filename>
	<path>163_jpg.rf.de03b8ced642d60fe84d0b3541873c0f.jpg</path>
	<source>
		<database>roboflow.ai</database>
	</source>
	<size>
		<width>416</width>
		<height>416</height>
		<depth>3</depth>
	</size>
	<segmented>0</segmented>
	<object>
		<name>unmasked</name>
		<pose>Unspecified</pose>
		<truncated>0</truncated>
		<difficult>0</difficult>
		<occluded>0</occluded>
		<bndbox>
			<xmin>86</xmin>
			<xmax>331</xmax>
			<ymin>34</ymin>
			<ymax>362</ymax>
		</bndbox>
	</object>
</annotation>
