<annotation>
	<folder></folder>
	<filename>1645_jpg.rf.f47c41985e3082a2f6f187aec2e5a1b3.jpg</filename>
	<path>1645_jpg.rf.f47c41985e3082a2f6f187aec2e5a1b3.jpg</path>
	<source>
		<database>roboflow.ai</database>
	</source>
	<size>
		<width>416</width>
		<height>416</height>
		<depth>3</depth>
	</size>
	<segmented>0</segmented>
	<object>
		<name>masked</name>
		<pose>Unspecified</pose>
		<truncated>0</truncated>
		<difficult>0</difficult>
		<occluded>0</occluded>
		<bndbox>
			<xmin>148</xmin>
			<xmax>310</xmax>
			<ymin>63</ymin>
			<ymax>294</ymax>
		</bndbox>
	</object>
</annotation>
