<annotation>
	<folder></folder>
	<filename>164_jpg.rf.5c192c52419ec5392a8530f20687b213.jpg</filename>
	<path>164_jpg.rf.5c192c52419ec5392a8530f20687b213.jpg</path>
	<source>
		<database>roboflow.ai</database>
	</source>
	<size>
		<width>416</width>
		<height>416</height>
		<depth>3</depth>
	</size>
	<segmented>0</segmented>
	<object>
		<name>unmasked</name>
		<pose>Unspecified</pose>
		<truncated>0</truncated>
		<difficult>0</difficult>
		<occluded>0</occluded>
		<bndbox>
			<xmin>68</xmin>
			<xmax>359</xmax>
			<ymin>34</ymin>
			<ymax>336</ymax>
		</bndbox>
	</object>
</annotation>
