<annotation>
	<folder></folder>
	<filename>1664_jpg.rf.b28a290ea8f9e00f60920cbb819fd18e.jpg</filename>
	<path>1664_jpg.rf.b28a290ea8f9e00f60920cbb819fd18e.jpg</path>
	<source>
		<database>roboflow.ai</database>
	</source>
	<size>
		<width>416</width>
		<height>416</height>
		<depth>3</depth>
	</size>
	<segmented>0</segmented>
	<object>
		<name>masked</name>
		<pose>Unspecified</pose>
		<truncated>0</truncated>
		<difficult>0</difficult>
		<occluded>0</occluded>
		<bndbox>
			<xmin>138</xmin>
			<xmax>267</xmax>
			<ymin>58</ymin>
			<ymax>236</ymax>
		</bndbox>
	</object>
</annotation>
