<annotation>
	<folder></folder>
	<filename>166_jpg.rf.67ac2324e3468984cd890d7737b3f861.jpg</filename>
	<path>166_jpg.rf.67ac2324e3468984cd890d7737b3f861.jpg</path>
	<source>
		<database>roboflow.ai</database>
	</source>
	<size>
		<width>416</width>
		<height>416</height>
		<depth>3</depth>
	</size>
	<segmented>0</segmented>
	<object>
		<name>unmasked</name>
		<pose>Unspecified</pose>
		<truncated>0</truncated>
		<difficult>0</difficult>
		<occluded>0</occluded>
		<bndbox>
			<xmin>61</xmin>
			<xmax>381</xmax>
			<ymin>62</ymin>
			<ymax>399</ymax>
		</bndbox>
	</object>
</annotation>
