<annotation>
	<folder></folder>
	<filename>1689_jpg.rf.fbf7d1d265e8b60853e4171fdcf1907c.jpg</filename>
	<path>1689_jpg.rf.fbf7d1d265e8b60853e4171fdcf1907c.jpg</path>
	<source>
		<database>roboflow.ai</database>
	</source>
	<size>
		<width>416</width>
		<height>416</height>
		<depth>3</depth>
	</size>
	<segmented>0</segmented>
	<object>
		<name>masked</name>
		<pose>Unspecified</pose>
		<truncated>0</truncated>
		<difficult>0</difficult>
		<occluded>0</occluded>
		<bndbox>
			<xmin>130</xmin>
			<xmax>249</xmax>
			<ymin>61</ymin>
			<ymax>293</ymax>
		</bndbox>
	</object>
</annotation>
