<annotation>
	<folder></folder>
	<filename>168_jpg.rf.d6c4848e474b7f91400eaf06fafa278f.jpg</filename>
	<path>168_jpg.rf.d6c4848e474b7f91400eaf06fafa278f.jpg</path>
	<source>
		<database>roboflow.ai</database>
	</source>
	<size>
		<width>416</width>
		<height>416</height>
		<depth>3</depth>
	</size>
	<segmented>0</segmented>
	<object>
		<name>unmasked</name>
		<pose>Unspecified</pose>
		<truncated>0</truncated>
		<difficult>0</difficult>
		<occluded>0</occluded>
		<bndbox>
			<xmin>104</xmin>
			<xmax>321</xmax>
			<ymin>31</ymin>
			<ymax>292</ymax>
		</bndbox>
	</object>
</annotation>
