<annotation>
	<folder></folder>
	<filename>169_jpg.rf.747140a839993dbf7ee00ddb9d90e8b4.jpg</filename>
	<path>169_jpg.rf.747140a839993dbf7ee00ddb9d90e8b4.jpg</path>
	<source>
		<database>roboflow.ai</database>
	</source>
	<size>
		<width>416</width>
		<height>416</height>
		<depth>3</depth>
	</size>
	<segmented>0</segmented>
	<object>
		<name>unmasked</name>
		<pose>Unspecified</pose>
		<truncated>0</truncated>
		<difficult>0</difficult>
		<occluded>0</occluded>
		<bndbox>
			<xmin>134</xmin>
			<xmax>344</xmax>
			<ymin>29</ymin>
			<ymax>364</ymax>
		</bndbox>
	</object>
</annotation>
