<annotation>
	<folder></folder>
	<filename>16_jpg.rf.86191c5d160e4d00909f242b13f641f2.jpg</filename>
	<path>16_jpg.rf.86191c5d160e4d00909f242b13f641f2.jpg</path>
	<source>
		<database>roboflow.ai</database>
	</source>
	<size>
		<width>416</width>
		<height>416</height>
		<depth>3</depth>
	</size>
	<segmented>0</segmented>
	<object>
		<name>unmasked</name>
		<pose>Unspecified</pose>
		<truncated>0</truncated>
		<difficult>0</difficult>
		<occluded>0</occluded>
		<bndbox>
			<xmin>52</xmin>
			<xmax>329</xmax>
			<ymin>35</ymin>
			<ymax>296</ymax>
		</bndbox>
	</object>
</annotation>
