<annotation>
	<folder></folder>
	<filename>170_jpg.rf.47b8e178c475041ca0d6392763cc9540.jpg</filename>
	<path>170_jpg.rf.47b8e178c475041ca0d6392763cc9540.jpg</path>
	<source>
		<database>roboflow.ai</database>
	</source>
	<size>
		<width>416</width>
		<height>416</height>
		<depth>3</depth>
	</size>
	<segmented>0</segmented>
	<object>
		<name>unmasked</name>
		<pose>Unspecified</pose>
		<truncated>0</truncated>
		<difficult>0</difficult>
		<occluded>0</occluded>
		<bndbox>
			<xmin>116</xmin>
			<xmax>269</xmax>
			<ymin>66</ymin>
			<ymax>211</ymax>
		</bndbox>
	</object>
</annotation>
