<annotation>
	<folder></folder>
	<filename>171_jpg.rf.3fb2b2d16650cc8f5a562183a957ec21.jpg</filename>
	<path>171_jpg.rf.3fb2b2d16650cc8f5a562183a957ec21.jpg</path>
	<source>
		<database>roboflow.ai</database>
	</source>
	<size>
		<width>416</width>
		<height>416</height>
		<depth>3</depth>
	</size>
	<segmented>0</segmented>
	<object>
		<name>unmasked</name>
		<pose>Unspecified</pose>
		<truncated>0</truncated>
		<difficult>0</difficult>
		<occluded>0</occluded>
		<bndbox>
			<xmin>27</xmin>
			<xmax>361</xmax>
			<ymin>49</ymin>
			<ymax>374</ymax>
		</bndbox>
	</object>
</annotation>
