<annotation>
	<folder></folder>
	<filename>172_jpg.rf.4756dfdf03f55d5c203009295fcf5a61.jpg</filename>
	<path>172_jpg.rf.4756dfdf03f55d5c203009295fcf5a61.jpg</path>
	<source>
		<database>roboflow.ai</database>
	</source>
	<size>
		<width>416</width>
		<height>416</height>
		<depth>3</depth>
	</size>
	<segmented>0</segmented>
	<object>
		<name>unmasked</name>
		<pose>Unspecified</pose>
		<truncated>0</truncated>
		<difficult>0</difficult>
		<occluded>0</occluded>
		<bndbox>
			<xmin>120</xmin>
			<xmax>285</xmax>
			<ymin>18</ymin>
			<ymax>323</ymax>
		</bndbox>
	</object>
</annotation>
