<annotation>
	<folder></folder>
	<filename>173_jpg.rf.dfc0c1b42c4594afdca4644b9cdf82d6.jpg</filename>
	<path>173_jpg.rf.dfc0c1b42c4594afdca4644b9cdf82d6.jpg</path>
	<source>
		<database>roboflow.ai</database>
	</source>
	<size>
		<width>416</width>
		<height>416</height>
		<depth>3</depth>
	</size>
	<segmented>0</segmented>
	<object>
		<name>unmasked</name>
		<pose>Unspecified</pose>
		<truncated>0</truncated>
		<difficult>0</difficult>
		<occluded>0</occluded>
		<bndbox>
			<xmin>99</xmin>
			<xmax>239</xmax>
			<ymin>62</ymin>
			<ymax>251</ymax>
		</bndbox>
	</object>
</annotation>
