<annotation>
	<folder></folder>
	<filename>174_jpg.rf.c40e9cd36617fa1e06aad35247987ce0.jpg</filename>
	<path>174_jpg.rf.c40e9cd36617fa1e06aad35247987ce0.jpg</path>
	<source>
		<database>roboflow.ai</database>
	</source>
	<size>
		<width>416</width>
		<height>416</height>
		<depth>3</depth>
	</size>
	<segmented>0</segmented>
	<object>
		<name>unmasked</name>
		<pose>Unspecified</pose>
		<truncated>0</truncated>
		<difficult>0</difficult>
		<occluded>0</occluded>
		<bndbox>
			<xmin>70</xmin>
			<xmax>252</xmax>
			<ymin>34</ymin>
			<ymax>321</ymax>
		</bndbox>
	</object>
</annotation>
