<annotation>
	<folder></folder>
	<filename>175_jpg.rf.2a36a85be1b2d09bc03bedec05a55c84.jpg</filename>
	<path>175_jpg.rf.2a36a85be1b2d09bc03bedec05a55c84.jpg</path>
	<source>
		<database>roboflow.ai</database>
	</source>
	<size>
		<width>416</width>
		<height>416</height>
		<depth>3</depth>
	</size>
	<segmented>0</segmented>
	<object>
		<name>unmasked</name>
		<pose>Unspecified</pose>
		<truncated>0</truncated>
		<difficult>0</difficult>
		<occluded>0</occluded>
		<bndbox>
			<xmin>73</xmin>
			<xmax>288</xmax>
			<ymin>7</ymin>
			<ymax>262</ymax>
		</bndbox>
	</object>
</annotation>
