<annotation>
	<folder></folder>
	<filename>176_jpg.rf.1c45dc479ccbb08a1e3edcaed06b9960.jpg</filename>
	<path>176_jpg.rf.1c45dc479ccbb08a1e3edcaed06b9960.jpg</path>
	<source>
		<database>roboflow.ai</database>
	</source>
	<size>
		<width>416</width>
		<height>416</height>
		<depth>3</depth>
	</size>
	<segmented>0</segmented>
	<object>
		<name>unmasked</name>
		<pose>Unspecified</pose>
		<truncated>0</truncated>
		<difficult>0</difficult>
		<occluded>0</occluded>
		<bndbox>
			<xmin>34</xmin>
			<xmax>364</xmax>
			<ymin>31</ymin>
			<ymax>381</ymax>
		</bndbox>
	</object>
</annotation>
