<annotation>
	<folder></folder>
	<filename>177_jpg.rf.a71c88fe5784d3ecd4725a563483a065.jpg</filename>
	<path>177_jpg.rf.a71c88fe5784d3ecd4725a563483a065.jpg</path>
	<source>
		<database>roboflow.ai</database>
	</source>
	<size>
		<width>416</width>
		<height>416</height>
		<depth>3</depth>
	</size>
	<segmented>0</segmented>
	<object>
		<name>unmasked</name>
		<pose>Unspecified</pose>
		<truncated>0</truncated>
		<difficult>0</difficult>
		<occluded>0</occluded>
		<bndbox>
			<xmin>106</xmin>
			<xmax>247</xmax>
			<ymin>35</ymin>
			<ymax>329</ymax>
		</bndbox>
	</object>
</annotation>
