<annotation>
	<folder></folder>
	<filename>178_jpg.rf.6780697ddeeda0c9fd4ae03e178c9678.jpg</filename>
	<path>178_jpg.rf.6780697ddeeda0c9fd4ae03e178c9678.jpg</path>
	<source>
		<database>roboflow.ai</database>
	</source>
	<size>
		<width>416</width>
		<height>416</height>
		<depth>3</depth>
	</size>
	<segmented>0</segmented>
	<object>
		<name>unmasked</name>
		<pose>Unspecified</pose>
		<truncated>0</truncated>
		<difficult>0</difficult>
		<occluded>0</occluded>
		<bndbox>
			<xmin>71</xmin>
			<xmax>400</xmax>
			<ymin>19</ymin>
			<ymax>328</ymax>
		</bndbox>
	</object>
</annotation>
