<annotation>
	<folder></folder>
	<filename>179_jpg.rf.77fecd85168c73031cb238f772734d05.jpg</filename>
	<path>179_jpg.rf.77fecd85168c73031cb238f772734d05.jpg</path>
	<source>
		<database>roboflow.ai</database>
	</source>
	<size>
		<width>416</width>
		<height>416</height>
		<depth>3</depth>
	</size>
	<segmented>0</segmented>
	<object>
		<name>unmasked</name>
		<pose>Unspecified</pose>
		<truncated>0</truncated>
		<difficult>0</difficult>
		<occluded>0</occluded>
		<bndbox>
			<xmin>52</xmin>
			<xmax>340</xmax>
			<ymin>23</ymin>
			<ymax>364</ymax>
		</bndbox>
	</object>
</annotation>
