<annotation>
	<folder></folder>
	<filename>180_jpg.rf.5018b497c8e630e79263b71268ba98d2.jpg</filename>
	<path>180_jpg.rf.5018b497c8e630e79263b71268ba98d2.jpg</path>
	<source>
		<database>roboflow.ai</database>
	</source>
	<size>
		<width>416</width>
		<height>416</height>
		<depth>3</depth>
	</size>
	<segmented>0</segmented>
	<object>
		<name>unmasked</name>
		<pose>Unspecified</pose>
		<truncated>0</truncated>
		<difficult>0</difficult>
		<occluded>0</occluded>
		<bndbox>
			<xmin>59</xmin>
			<xmax>321</xmax>
			<ymin>51</ymin>
			<ymax>389</ymax>
		</bndbox>
	</object>
</annotation>
