<annotation>
	<folder></folder>
	<filename>181_jpg.rf.dba54fd2c7a31e3891dfb0c1ab4a3beb.jpg</filename>
	<path>181_jpg.rf.dba54fd2c7a31e3891dfb0c1ab4a3beb.jpg</path>
	<source>
		<database>roboflow.ai</database>
	</source>
	<size>
		<width>416</width>
		<height>416</height>
		<depth>3</depth>
	</size>
	<segmented>0</segmented>
	<object>
		<name>unmasked</name>
		<pose>Unspecified</pose>
		<truncated>0</truncated>
		<difficult>0</difficult>
		<occluded>0</occluded>
		<bndbox>
			<xmin>119</xmin>
			<xmax>323</xmax>
			<ymin>39</ymin>
			<ymax>302</ymax>
		</bndbox>
	</object>
</annotation>
