<annotation>
	<folder></folder>
	<filename>183_jpg.rf.5000fd155fc784e9b358e47d3d98dcae.jpg</filename>
	<path>183_jpg.rf.5000fd155fc784e9b358e47d3d98dcae.jpg</path>
	<source>
		<database>roboflow.ai</database>
	</source>
	<size>
		<width>416</width>
		<height>416</height>
		<depth>3</depth>
	</size>
	<segmented>0</segmented>
	<object>
		<name>unmasked</name>
		<pose>Unspecified</pose>
		<truncated>0</truncated>
		<difficult>0</difficult>
		<occluded>0</occluded>
		<bndbox>
			<xmin>88</xmin>
			<xmax>326</xmax>
			<ymin>33</ymin>
			<ymax>347</ymax>
		</bndbox>
	</object>
</annotation>
