<annotation>
	<folder></folder>
	<filename>184_jpg.rf.d7f8bde1f6d4b0eefbbcb00e59f0bff1.jpg</filename>
	<path>184_jpg.rf.d7f8bde1f6d4b0eefbbcb00e59f0bff1.jpg</path>
	<source>
		<database>roboflow.ai</database>
	</source>
	<size>
		<width>416</width>
		<height>416</height>
		<depth>3</depth>
	</size>
	<segmented>0</segmented>
	<object>
		<name>unmasked</name>
		<pose>Unspecified</pose>
		<truncated>0</truncated>
		<difficult>0</difficult>
		<occluded>0</occluded>
		<bndbox>
			<xmin>65</xmin>
			<xmax>311</xmax>
			<ymin>48</ymin>
			<ymax>393</ymax>
		</bndbox>
	</object>
</annotation>
