<annotation>
	<folder></folder>
	<filename>186_jpg.rf.3e99b1234e17adcb9ce0bab4c25286b9.jpg</filename>
	<path>186_jpg.rf.3e99b1234e17adcb9ce0bab4c25286b9.jpg</path>
	<source>
		<database>roboflow.ai</database>
	</source>
	<size>
		<width>416</width>
		<height>416</height>
		<depth>3</depth>
	</size>
	<segmented>0</segmented>
	<object>
		<name>unmasked</name>
		<pose>Unspecified</pose>
		<truncated>0</truncated>
		<difficult>0</difficult>
		<occluded>0</occluded>
		<bndbox>
			<xmin>58</xmin>
			<xmax>357</xmax>
			<ymin>26</ymin>
			<ymax>345</ymax>
		</bndbox>
	</object>
</annotation>
