<annotation>
	<folder></folder>
	<filename>187_jpg.rf.716c6fd5b799aa110c094754abb62e30.jpg</filename>
	<path>187_jpg.rf.716c6fd5b799aa110c094754abb62e30.jpg</path>
	<source>
		<database>roboflow.ai</database>
	</source>
	<size>
		<width>416</width>
		<height>416</height>
		<depth>3</depth>
	</size>
	<segmented>0</segmented>
	<object>
		<name>unmasked</name>
		<pose>Unspecified</pose>
		<truncated>0</truncated>
		<difficult>0</difficult>
		<occluded>0</occluded>
		<bndbox>
			<xmin>50</xmin>
			<xmax>360</xmax>
			<ymin>28</ymin>
			<ymax>360</ymax>
		</bndbox>
	</object>
</annotation>
