<annotation>
	<folder></folder>
	<filename>188_jpg.rf.58afd078e51e437f2fa3841c68e279da.jpg</filename>
	<path>188_jpg.rf.58afd078e51e437f2fa3841c68e279da.jpg</path>
	<source>
		<database>roboflow.ai</database>
	</source>
	<size>
		<width>416</width>
		<height>416</height>
		<depth>3</depth>
	</size>
	<segmented>0</segmented>
	<object>
		<name>unmasked</name>
		<pose>Unspecified</pose>
		<truncated>0</truncated>
		<difficult>0</difficult>
		<occluded>0</occluded>
		<bndbox>
			<xmin>115</xmin>
			<xmax>285</xmax>
			<ymin>25</ymin>
			<ymax>319</ymax>
		</bndbox>
	</object>
</annotation>
