<annotation>
	<folder></folder>
	<filename>18_jpg.rf.e06a5273618287201b70eaaac3746a63.jpg</filename>
	<path>18_jpg.rf.e06a5273618287201b70eaaac3746a63.jpg</path>
	<source>
		<database>roboflow.ai</database>
	</source>
	<size>
		<width>416</width>
		<height>416</height>
		<depth>3</depth>
	</size>
	<segmented>0</segmented>
	<object>
		<name>unmasked</name>
		<pose>Unspecified</pose>
		<truncated>0</truncated>
		<difficult>0</difficult>
		<occluded>0</occluded>
		<bndbox>
			<xmin>38</xmin>
			<xmax>294</xmax>
			<ymin>62</ymin>
			<ymax>299</ymax>
		</bndbox>
	</object>
</annotation>
