<annotation>
	<folder></folder>
	<filename>191_jpg.rf.2e6dfbaa2425f456b9f225b201caa57a.jpg</filename>
	<path>191_jpg.rf.2e6dfbaa2425f456b9f225b201caa57a.jpg</path>
	<source>
		<database>roboflow.ai</database>
	</source>
	<size>
		<width>416</width>
		<height>416</height>
		<depth>3</depth>
	</size>
	<segmented>0</segmented>
	<object>
		<name>unmasked</name>
		<pose>Unspecified</pose>
		<truncated>0</truncated>
		<difficult>0</difficult>
		<occluded>0</occluded>
		<bndbox>
			<xmin>77</xmin>
			<xmax>358</xmax>
			<ymin>24</ymin>
			<ymax>393</ymax>
		</bndbox>
	</object>
</annotation>
