<annotation>
	<folder></folder>
	<filename>193_jpg.rf.1e56ddf88a7c6f12d731a1ec202d7c67.jpg</filename>
	<path>193_jpg.rf.1e56ddf88a7c6f12d731a1ec202d7c67.jpg</path>
	<source>
		<database>roboflow.ai</database>
	</source>
	<size>
		<width>416</width>
		<height>416</height>
		<depth>3</depth>
	</size>
	<segmented>0</segmented>
	<object>
		<name>unmasked</name>
		<pose>Unspecified</pose>
		<truncated>0</truncated>
		<difficult>0</difficult>
		<occluded>0</occluded>
		<bndbox>
			<xmin>52</xmin>
			<xmax>344</xmax>
			<ymin>10</ymin>
			<ymax>357</ymax>
		</bndbox>
	</object>
</annotation>
