<annotation>
	<folder></folder>
	<filename>194_jpg.rf.a1be9c005da88c8170cfe347ea90b5c2.jpg</filename>
	<path>194_jpg.rf.a1be9c005da88c8170cfe347ea90b5c2.jpg</path>
	<source>
		<database>roboflow.ai</database>
	</source>
	<size>
		<width>416</width>
		<height>416</height>
		<depth>3</depth>
	</size>
	<segmented>0</segmented>
	<object>
		<name>unmasked</name>
		<pose>Unspecified</pose>
		<truncated>0</truncated>
		<difficult>0</difficult>
		<occluded>0</occluded>
		<bndbox>
			<xmin>63</xmin>
			<xmax>346</xmax>
			<ymin>52</ymin>
			<ymax>337</ymax>
		</bndbox>
	</object>
</annotation>
