<annotation>
	<folder></folder>
	<filename>195_jpg.rf.113ad5bc6b95596dc9d0635b1330f06e.jpg</filename>
	<path>195_jpg.rf.113ad5bc6b95596dc9d0635b1330f06e.jpg</path>
	<source>
		<database>roboflow.ai</database>
	</source>
	<size>
		<width>416</width>
		<height>416</height>
		<depth>3</depth>
	</size>
	<segmented>0</segmented>
	<object>
		<name>unmasked</name>
		<pose>Unspecified</pose>
		<truncated>0</truncated>
		<difficult>0</difficult>
		<occluded>0</occluded>
		<bndbox>
			<xmin>78</xmin>
			<xmax>239</xmax>
			<ymin>44</ymin>
			<ymax>241</ymax>
		</bndbox>
	</object>
</annotation>
