<annotation>
	<folder></folder>
	<filename>196_jpg.rf.ede2ddebe9fdbd3761ac5e8e85becb98.jpg</filename>
	<path>196_jpg.rf.ede2ddebe9fdbd3761ac5e8e85becb98.jpg</path>
	<source>
		<database>roboflow.ai</database>
	</source>
	<size>
		<width>416</width>
		<height>416</height>
		<depth>3</depth>
	</size>
	<segmented>0</segmented>
	<object>
		<name>unmasked</name>
		<pose>Unspecified</pose>
		<truncated>0</truncated>
		<difficult>0</difficult>
		<occluded>0</occluded>
		<bndbox>
			<xmin>65</xmin>
			<xmax>339</xmax>
			<ymin>53</ymin>
			<ymax>333</ymax>
		</bndbox>
	</object>
</annotation>
