<annotation>
	<folder></folder>
	<filename>197_jpg.rf.51ae3babac68ee3acb462313c7f42bbd.jpg</filename>
	<path>197_jpg.rf.51ae3babac68ee3acb462313c7f42bbd.jpg</path>
	<source>
		<database>roboflow.ai</database>
	</source>
	<size>
		<width>416</width>
		<height>416</height>
		<depth>3</depth>
	</size>
	<segmented>0</segmented>
	<object>
		<name>unmasked</name>
		<pose>Unspecified</pose>
		<truncated>0</truncated>
		<difficult>0</difficult>
		<occluded>0</occluded>
		<bndbox>
			<xmin>56</xmin>
			<xmax>339</xmax>
			<ymin>69</ymin>
			<ymax>348</ymax>
		</bndbox>
	</object>
</annotation>
