<annotation>
	<folder></folder>
	<filename>198_jpg.rf.cb6778c8371c8f2a30523b31b66e264d.jpg</filename>
	<path>198_jpg.rf.cb6778c8371c8f2a30523b31b66e264d.jpg</path>
	<source>
		<database>roboflow.ai</database>
	</source>
	<size>
		<width>416</width>
		<height>416</height>
		<depth>3</depth>
	</size>
	<segmented>0</segmented>
	<object>
		<name>unmasked</name>
		<pose>Unspecified</pose>
		<truncated>0</truncated>
		<difficult>0</difficult>
		<occluded>0</occluded>
		<bndbox>
			<xmin>112</xmin>
			<xmax>315</xmax>
			<ymin>62</ymin>
			<ymax>356</ymax>
		</bndbox>
	</object>
</annotation>
