<annotation>
	<folder></folder>
	<filename>19_jpg.rf.4d06587937a5a2264fbdea9fcd1d5b00.jpg</filename>
	<path>19_jpg.rf.4d06587937a5a2264fbdea9fcd1d5b00.jpg</path>
	<source>
		<database>roboflow.ai</database>
	</source>
	<size>
		<width>416</width>
		<height>416</height>
		<depth>3</depth>
	</size>
	<segmented>0</segmented>
	<object>
		<name>unmasked</name>
		<pose>Unspecified</pose>
		<truncated>0</truncated>
		<difficult>0</difficult>
		<occluded>0</occluded>
		<bndbox>
			<xmin>65</xmin>
			<xmax>355</xmax>
			<ymin>52</ymin>
			<ymax>354</ymax>
		</bndbox>
	</object>
</annotation>
